Code_bom,ID_Produs,ID_Componenta,Cantitate_Produsa,Cantitate_Necesara
CTP3R-1R-TL1/1A_1,CTP3R-1R-TL1/1A,E_00178,1,1
CTP3R-1R-TL1/1A_1,CTP3R-1R-TL1/1A,E_00342,1,0.0036
CTP3R-1R-TL1/1A_1,CTP3R-1R-TL1/1A,E_00459,1,2.5
CTP3R-1R-TL1/1A_1,CTP3R-1R-TL1/1A,E_00463,1,1
CTP3R-1R-TL1/1A_1,CTP3R-1R-TL1/1A,E_00605,1,1
CTP3R-1R-TL1/1A_1,CTP3R-1R-TL1/1A,E_00609,1,1
CTP3R-1R-TL1/1A_1,CTP3R-1R-TL1/1A,E_00636,1,1
CTP3R-1R-TL1/1A_1,CTP3R-1R-TL1/1A,E_00642,1,2
CTP3R-1R-TL1/1A_1,CTP3R-1R-TL1/1A,E_00646,1,1
CTP3R-1R-TL1/1A_1,CTP3R-1R-TL1/1A,E_00650,1,1
CTP3R-1R-TL1/1A_1,CTP3R-1R-TL1/1A,E_00653,1,1
CTP3R-1R-TL1/1A_1,CTP3R-1R-TL1/1A,E_00654,1,1
CTP3R-1R-TL1/1A_1,CTP3R-1R-TL1/1A,E_00658,1,1
CTP3R-1R-TL1/1A_1,CTP3R-1R-TL1/1A,E_00659,1,1
CTP3R-1R-TL1/1A_1,CTP3R-1R-TL1/1A,E_00660,1,1
CTP3R-1R-TL1/1A_1,CTP3R-1R-TL1/1A,E_00661,1,1
CTP3R-1R-TL1/1A_1,CTP3R-1R-TL1/1A,E_00662,1,1
CTP3R-1R-TL1/1A_1,CTP3R-1R-TL1/1A,E_00663,1,1
CTP3R-1R-TL1/1A_1,CTP3R-1R-TL1/1A,E_00664,1,1
CTP3R-1R-TL1/1A_1,CTP3R-1R-TL1/1A,E_00667,1,1
CTP3R-1R-TL1/1A_1,CTP3R-1R-TL1/1A,E_00686,1,1
CTP3R-1R-TL1/1A_1,CTP3R-1R-TL1/1A,E_00700,1,0.09
CTP3R-1R-TL1/1A_1,CTP3R-1R-TL1/1A,E_00708,1,2
CTP3R-1R-TL1/1A_1,CTP3R-1R-TL1/1A,E_00709,1,1
CTP3R-1R-TL1/1A_1,CTP3R-1R-TL1/1A,E_00710,1,1
CTP3R-1R-TL1/1A_1,CTP3R-1R-TL1/1A,E_00714,1,1
CTP3R-1R-TL1/1A_1,CTP3R-1R-TL1/1A,E_00726,1,0.7
CTP3R-1R-TL1/1A_1,CTP3R-1R-TL1/1A,E_01121,1,4.63
CTP3R-1R-TL1/1A_1,CTP3R-1R-TL1/1A,E_06975,1,0.0047
CTP3R-1R-TL1/1A_1,CTP3R-1R-TL1/1A,E_08050,1,4.45
CTP3R-1R-TL1/1A_1,CTP3R-1R-TL1/1A,EVI_00004,1,6
CTP3R-1R-TL1/1A_1,CTP3R-1R-TL1/1A,EVI_00013,1,1
CTP3R-1R-TL1/1A_1,CTP3R-1R-TL1/1A,EVI_00015,1,6
CTP3R-1R-TL1/1A_1,CTP3R-1R-TL1/1A,EVI_00017,1,2
CTP3R-1R-TL1/1A_1,CTP3R-1R-TL1/1A,EVI_00019,1,16
CTP3R-1R-TL1/1A_1,CTP3R-1R-TL1/1A,EVI_00029,1,3
CTP3R-1R-TL1/1A_1,CTP3R-1R-TL1/1A,EVI_00057,1,1
CTP3R-1R-TL1/1A_1,CTP3R-1R-TL1/1A,EVI_00058,1,1
CTP3R-1R-TL1/1A_1,CTP3R-1R-TL1/1A,EVI_00063,1,1
CTP3R-1R-TL1/1A_1,CTP3R-1R-TL1/1A,EVI_00073,1,1
CTP3R-1R-TL1/1A_1,CTP3R-1R-TL1/1A,EVI_00074,1,1
CTP3R-1R-TL1/1A_1,CTP3R-1R-TL1/1A,EVI_00104,1,1
CTP3R-1R-TL1/1A_1,CTP3R-1R-TL1/1A,EVI_00106,1,1
CTP3R-1R-TL1/1A_1,CTP3R-1R-TL1/1A,EVI_00130,1,2
CTP3R-1R-TL1/1A_1,CTP3R-1R-TL1/1A,EVI_00152,1,1
CTP3R-1R-TL1/1A_1,CTP3R-1R-TL1/1A,EVI_00232,1,1
CTP3R-1R-TL1/1A_1,CTP3R-1R-TL1/1A,EVI_00329,1,1
CTP3R-1R-TL1/1A_1,CTP3R-1R-TL1/1A,EVI_00246,1,1
CTP3R-1R-TL1/1A_1,CTP3R-1R-TL1/1A,EVI_00249,1,1
CTP3R-1R-TL1/1A_1,CTP3R-1R-TL1/1A,EVI_00264,1,2
CTP3R-1R-TL1/1A_1,CTP3R-1R-TL1/1A,EVI_00272,1,0.705
CTP3R-1R-TL1/1A_1,CTP3R-1R-TL1/1A,EVI_00273,1,1
CTP3R-1R-TL1/1A_1,CTP3R-1R-TL1/1A,EVI_00363,1,1
CTP3R-1R-TL1/1A_1,CTP3R-1R-TL1/1A,EVI_00385,1,1
CTP3R-1R-TL1/1A_1,CTP3R-1R-TL1/1A,EVI_00390,1,1
CTP3R-1R-TL1/1A_1,CTP3R-1R-TL1/1A,EVI_00396,1,1
CTP3R-1R-TL1/1A_1,CTP3R-1R-TL1/1A,EVI_00397,1,1
CTP3R-1R-TL1/1A_1,CTP3R-1R-TL1/1A,EVI_00426,1,1
CTP3R-1R-TL1/1A_1,CTP3R-1R-TL1/1A,Mpr_03309,1,0.11
HIU_PUCTP3R-1R-TL7/1A_1,HIU_PUCTP3R-1R-TL7/1A,E_00178,1,1
HIU_PUCTP3R-1R-TL7/1A_1,HIU_PUCTP3R-1R-TL7/1A,E_00342,1,0.0036
HIU_PUCTP3R-1R-TL7/1A_1,HIU_PUCTP3R-1R-TL7/1A,E_00605,1,1
HIU_PUCTP3R-1R-TL7/1A_1,HIU_PUCTP3R-1R-TL7/1A,E_00636,1,1
HIU_PUCTP3R-1R-TL7/1A_1,HIU_PUCTP3R-1R-TL7/1A,E_00642,1,2
HIU_PUCTP3R-1R-TL7/1A_1,HIU_PUCTP3R-1R-TL7/1A,E_00646,1,1
HIU_PUCTP3R-1R-TL7/1A_1,HIU_PUCTP3R-1R-TL7/1A,E_00650,1,1
HIU_PUCTP3R-1R-TL7/1A_1,HIU_PUCTP3R-1R-TL7/1A,E_00653,1,1
HIU_PUCTP3R-1R-TL7/1A_1,HIU_PUCTP3R-1R-TL7/1A,E_00658,1,1
HIU_PUCTP3R-1R-TL7/1A_1,HIU_PUCTP3R-1R-TL7/1A,E_00659,1,1
HIU_PUCTP3R-1R-TL7/1A_1,HIU_PUCTP3R-1R-TL7/1A,E_00660,1,1
HIU_PUCTP3R-1R-TL7/1A_1,HIU_PUCTP3R-1R-TL7/1A,E_00661,1,1
HIU_PUCTP3R-1R-TL7/1A_1,HIU_PUCTP3R-1R-TL7/1A,E_00662,1,1
HIU_PUCTP3R-1R-TL7/1A_1,HIU_PUCTP3R-1R-TL7/1A,E_00663,1,1
HIU_PUCTP3R-1R-TL7/1A_1,HIU_PUCTP3R-1R-TL7/1A,E_00664,1,1
HIU_PUCTP3R-1R-TL7/1A_1,HIU_PUCTP3R-1R-TL7/1A,E_00667,1,1
HIU_PUCTP3R-1R-TL7/1A_1,HIU_PUCTP3R-1R-TL7/1A,E_00686,1,1
HIU_PUCTP3R-1R-TL7/1A_1,HIU_PUCTP3R-1R-TL7/1A,E_00700,1,0.09
HIU_PUCTP3R-1R-TL7/1A_1,HIU_PUCTP3R-1R-TL7/1A,E_00714,1,1
HIU_PUCTP3R-1R-TL7/1A_1,HIU_PUCTP3R-1R-TL7/1A,E_00726,1,0.7
HIU_PUCTP3R-1R-TL7/1A_1,HIU_PUCTP3R-1R-TL7/1A,E_01121,1,4.63
HIU_PUCTP3R-1R-TL7/1A_1,HIU_PUCTP3R-1R-TL7/1A,E_06975,1,0.0047
HIU_PUCTP3R-1R-TL7/1A_1,HIU_PUCTP3R-1R-TL7/1A,E_08050,1,4.45
HIU_PUCTP3R-1R-TL7/1A_1,HIU_PUCTP3R-1R-TL7/1A,EVI_00004,1,6
HIU_PUCTP3R-1R-TL7/1A_1,HIU_PUCTP3R-1R-TL7/1A,EVI_00013,1,1
HIU_PUCTP3R-1R-TL7/1A_1,HIU_PUCTP3R-1R-TL7/1A,EVI_00015,1,6
HIU_PUCTP3R-1R-TL7/1A_1,HIU_PUCTP3R-1R-TL7/1A,EVI_00017,1,2
HIU_PUCTP3R-1R-TL7/1A_1,HIU_PUCTP3R-1R-TL7/1A,EVI_00019,1,16
HIU_PUCTP3R-1R-TL7/1A_1,HIU_PUCTP3R-1R-TL7/1A,EVI_00029,1,3
HIU_PUCTP3R-1R-TL7/1A_1,HIU_PUCTP3R-1R-TL7/1A,EVI_00057,1,1
HIU_PUCTP3R-1R-TL7/1A_1,HIU_PUCTP3R-1R-TL7/1A,EVI_00058,1,1
HIU_PUCTP3R-1R-TL7/1A_1,HIU_PUCTP3R-1R-TL7/1A,EVI_00063,1,1
HIU_PUCTP3R-1R-TL7/1A_1,HIU_PUCTP3R-1R-TL7/1A,EVI_00073,1,1
HIU_PUCTP3R-1R-TL7/1A_1,HIU_PUCTP3R-1R-TL7/1A,EVI_00074,1,1
HIU_PUCTP3R-1R-TL7/1A_1,HIU_PUCTP3R-1R-TL7/1A,EVI_00104,1,1
HIU_PUCTP3R-1R-TL7/1A_1,HIU_PUCTP3R-1R-TL7/1A,EVI_00106,1,1
HIU_PUCTP3R-1R-TL7/1A_1,HIU_PUCTP3R-1R-TL7/1A,EVI_00130,1,2
HIU_PUCTP3R-1R-TL7/1A_1,HIU_PUCTP3R-1R-TL7/1A,EVI_00152,1,1
HIU_PUCTP3R-1R-TL7/1A_1,HIU_PUCTP3R-1R-TL7/1A,EVI_00232,1,1
HIU_PUCTP3R-1R-TL7/1A_1,HIU_PUCTP3R-1R-TL7/1A,EVI_00329,1,1
HIU_PUCTP3R-1R-TL7/1A_1,HIU_PUCTP3R-1R-TL7/1A,EVI_00246,1,1
HIU_PUCTP3R-1R-TL7/1A_1,HIU_PUCTP3R-1R-TL7/1A,EVI_00249,1,1
HIU_PUCTP3R-1R-TL7/1A_1,HIU_PUCTP3R-1R-TL7/1A,EVI_00264,1,2
HIU_PUCTP3R-1R-TL7/1A_1,HIU_PUCTP3R-1R-TL7/1A,EVI_00272,1,0.705
HIU_PUCTP3R-1R-TL7/1A_1,HIU_PUCTP3R-1R-TL7/1A,EVI_00273,1,1
HIU_PUCTP3R-1R-TL7/1A_1,HIU_PUCTP3R-1R-TL7/1A,EVI_00363,1,1
HIU_PUCTP3R-1R-TL7/1A_1,HIU_PUCTP3R-1R-TL7/1A,EVI_00385,1,1
HIU_PUCTP3R-1R-TL7/1A_1,HIU_PUCTP3R-1R-TL7/1A,EVI_00390,1,1
HIU_PUCTP3R-1R-TL7/1A_1,HIU_PUCTP3R-1R-TL7/1A,EVI_00396,1,1
HIU_PUCTP3R-1R-TL7/1A_1,HIU_PUCTP3R-1R-TL7/1A,EVI_00397,1,1
HIU_PUCTP3R-1R-TL7/1A_1,HIU_PUCTP3R-1R-TL7/1A,EVI_00426,1,1
HIU_PUCTP3R-1R-TL7/1A_1,HIU_PUCTP3R-1R-TL7/1A,Mpr_03309,1,0.11
CTP7R2-1A-TL1_1,CTP7R2-1A-TL1,E_00459,1,2.8
CTP7R2-1A-TL1_1,CTP7R2-1A-TL1,E_00463,1,1
CTP7R2-1A-TL1_1,CTP7R2-1A-TL1,E_00605,1,1
CTP7R2-1A-TL1_1,CTP7R2-1A-TL1,E_00609,1,1
CTP7R2-1A-TL1_1,CTP7R2-1A-TL1,E_00714,1,1
CTP7R2-1A-TL1_1,CTP7R2-1A-TL1,E_00737,1,1
CTP7R2-1A-TL1_1,CTP7R2-1A-TL1,E_00071,1,0.08
CTP7R2-1A-TL1_1,CTP7R2-1A-TL1,E_00178,1,1
CTP7R2-1A-TL1_1,CTP7R2-1A-TL1,EVI_00272,1,1.41
CTP7R2-1A-TL1_1,CTP7R2-1A-TL1,EVI_00273,1,2
CTP7R2-1A-TL1_1,CTP7R2-1A-TL1,E_00658,1,1
CTP7R2-1A-TL1_1,CTP7R2-1A-TL1,E_00659,1,1
CTP7R2-1A-TL1_1,CTP7R2-1A-TL1,E_00660,1,1
CTP7R2-1A-TL1_1,CTP7R2-1A-TL1,E_00661,1,1
CTP7R2-1A-TL1_1,CTP7R2-1A-TL1,E_00662,1,1
CTP7R2-1A-TL1_1,CTP7R2-1A-TL1,E_00663,1,1
CTP7R2-1A-TL1_1,CTP7R2-1A-TL1,E_00664,1,1
CTP7R2-1A-TL1_1,CTP7R2-1A-TL1,E_00667,1,1
CTP7R2-1A-TL1_1,CTP7R2-1A-TL1,E_00686,1,1
CTP7R2-1A-TL1_1,CTP7R2-1A-TL1,EVI_00104,1,1
CTP7R2-1A-TL1_1,CTP7R2-1A-TL1,EVI_00106,1,1
CTP7R2-1A-TL1_1,CTP7R2-1A-TL1,E_00146,1,4
CTP7R2-1A-TL1_1,CTP7R2-1A-TL1,E_00570,1,1
CTP7R2-1A-TL1_1,CTP7R2-1A-TL1,E_00642,1,2
CTP7R2-1A-TL1_1,CTP7R2-1A-TL1,E_00646,1,1
CTP7R2-1A-TL1_1,CTP7R2-1A-TL1,E_00650,1,1
CTP7R2-1A-TL1_1,CTP7R2-1A-TL1,E_00684,1,1
CTP7R2-1A-TL1_1,CTP7R2-1A-TL1,E_00685,1,4
CTP7R2-1A-TL1_1,CTP7R2-1A-TL1,E_00727,1,6
CTP7R2-1A-TL1_1,CTP7R2-1A-TL1,E_00741,1,2
CTP7R2-1A-TL1_1,CTP7R2-1A-TL1,E_00744,1,6
CTP7R2-1A-TL1_1,CTP7R2-1A-TL1,E_00745,1,4
CTP7R2-1A-TL1_1,CTP7R2-1A-TL1,E_00748,1,1
CTP7R2-1A-TL1_1,CTP7R2-1A-TL1,E_00778,1,1
CTP7R2-1A-TL1_1,CTP7R2-1A-TL1,E_04469,1,0.34
CTP7R2-1A-TL1_1,CTP7R2-1A-TL1,EVI_00003,1,4
CTP7R2-1A-TL1_1,CTP7R2-1A-TL1,EVI_00004,1,2
CTP7R2-1A-TL1_1,CTP7R2-1A-TL1,EVI_00013,1,1
CTP7R2-1A-TL1_1,CTP7R2-1A-TL1,EVI_00015,1,2
CTP7R2-1A-TL1_1,CTP7R2-1A-TL1,EVI_00017,1,2
CTP7R2-1A-TL1_1,CTP7R2-1A-TL1,EVI_00019,1,8
CTP7R2-1A-TL1_1,CTP7R2-1A-TL1,EVI_00396,1,1
CTP7R2-1A-TL1_1,CTP7R2-1A-TL1,EVI_00397,1,1
CTP7R2-1A-TL1_1,CTP7R2-1A-TL1,E_00653,1,1
CTP7R2-1A-TL1_1,CTP7R2-1A-TL1,EVI_00058,1,1
CTP7R2-1A-TL1_1,CTP7R2-1A-TL1,EVI_00385,1,1
CTP7R2-1A-TL1_1,CTP7R2-1A-TL1,EVI_00130,1,2
CTP7R2-1A-TL1_1,CTP7R2-1A-TL1,EVI_00426,1,1
CTP7R2-1A-TL1_1,CTP7R2-1A-TL1,EVI_00064,1,1
CTP7R2-1A-TL1_1,CTP7R2-1A-TL1,E_00188,1,1.2
CTP7R2-1A-TL1_1,CTP7R2-1A-TL1,E_00726,1,0.7
CTP7R2-1A-TL1_1,CTP7R2-1A-TL1,E_00751,1,3
CTP7R2-1A-TL1_1,CTP7R2-1A-TL1,E_01121,1,2.74
CTP7R2-1A-TL1_1,CTP7R2-1A-TL1,EVI_00029,1,3
CTP7R2-1A-TL1_1,CTP7R2-1A-TL1,EVI_00057,1,1
CTP7R2-1A-TL1_1,CTP7R2-1A-TL1,EVI_00073,1,1
CTP7R2-1A-TL1_1,CTP7R2-1A-TL1,EVI_00074,1,1
CTP7R2-1A-TL1_1,CTP7R2-1A-TL1,EVI_00152,1,1
CTP7R2-1A-TL1_1,CTP7R2-1A-TL1,EVI_00246,1,1
CTP7R2-1A-TL1_1,CTP7R2-1A-TL1,EVI_00264,1,2
CTP7R2-1A-TL1_1,CTP7R2-1A-TL1,EVI_00291,1,1
CTP7R2-1A-TL1_1,CTP7R2-1A-TL1,EVI_00416,1,1
CTP7R2-1A-TL1_1,CTP7R2-1A-TL1,EVI_00251,1,1
CTP7R2-1A-TL1_1,CTP7R2-1A-TL1,EVI_00254,1,1
CTP7R2-1A-TL1_1,CTP7R2-1A-TL1,E_00342,1,0.0576
CTP7R2-1A-TL1_1,CTP7R2-1A-TL1,E_00700,1,0.08
CTP7R2-1A-TL1_1,CTP7R2-1A-TL1,E_06975,1,0.0113
CTP7R2-1A-TL1_1,CTP7R2-1A-TL1,E_08025,1,1.2
CTP7R2-1A-TL1_1,CTP7R2-1A-TL1,E_08050,1,3.33
CTP7R2-1A-TL1_1,CTP7R2-1A-TL1,Mpr_03309,1,0.13
SPC1-030R-T1/12_1,SPC1-030R-T1/12,E_00082,1,1
SPC1-030R-T1/12_1,SPC1-030R-T1/12,E_00459,1,2
SPC1-030R-T1/12_1,SPC1-030R-T1/12,E_00463,1,1
SPC1-030R-T1/12_1,SPC1-030R-T1/12,E_00514,1,1
SPC1-030R-T1/12_1,SPC1-030R-T1/12,E_00178,1,1
SPC1-030R-T1/12_1,SPC1-030R-T1/12,EVI_00272,1,0.54
SPC1-030R-T1/12_1,SPC1-030R-T1/12,EVI_00273,1,1
SPC1-030R-T1/12_1,SPC1-030R-T1/12,E_00078,1,2
SPC1-030R-T1/12_1,SPC1-030R-T1/12,EVI_00102,1,2
SPC1-030R-T1/12_1,SPC1-030R-T1/12,EVI_00106,1,1
SPC1-030R-T1/12_1,SPC1-030R-T1/12,EVI_00120,1,1
SPC1-030R-T1/12_1,SPC1-030R-T1/12,EVI_00121,1,1
SPC1-030R-T1/12_1,SPC1-030R-T1/12,EVI_00122,1,1
SPC1-030R-T1/12_1,SPC1-030R-T1/12,EVI_00123,1,1
SPC1-030R-T1/12_1,SPC1-030R-T1/12,EVI_00124,1,1
SPC1-030R-T1/12_1,SPC1-030R-T1/12,EVI_00125,1,1
SPC1-030R-T1/12_1,SPC1-030R-T1/12,EVI_00126,1,1
SPC1-030R-T1/12_1,SPC1-030R-T1/12,EVI_00127,1,1
SPC1-030R-T1/12_1,SPC1-030R-T1/12,EVI_00128,1,1
SPC1-030R-T1/12_1,SPC1-030R-T1/12,E_00224,1,1
SPC1-030R-T1/12_1,SPC1-030R-T1/12,E_00646,1,1
SPC1-030R-T1/12_1,SPC1-030R-T1/12,EVI_00004,1,4
SPC1-030R-T1/12_1,SPC1-030R-T1/12,EVI_00013,1,1
SPC1-030R-T1/12_1,SPC1-030R-T1/12,EVI_00015,1,4
SPC1-030R-T1/12_1,SPC1-030R-T1/12,EVI_00017,1,2
SPC1-030R-T1/12_1,SPC1-030R-T1/12,EVI_00019,1,9
SPC1-030R-T1/12_1,SPC1-030R-T1/12,EVI_00020,1,4
SPC1-030R-T1/12_1,SPC1-030R-T1/12,EVI_00129,1,1
SPC1-030R-T1/12_1,SPC1-030R-T1/12,EVI_00295,1,1
SPC1-030R-T1/12_1,SPC1-030R-T1/12,EVI_00058,1,1
SPC1-030R-T1/12_1,SPC1-030R-T1/12,EVI_00238,1,1
SPC1-030R-T1/12_1,SPC1-030R-T1/12,EVI_00288,1,1
SPC1-030R-T1/12_1,SPC1-030R-T1/12,EVI_00426,1,1
SPC1-030R-T1/12_1,SPC1-030R-T1/12,EVI_00063,1,1
SPC1-030R-T1/12_1,SPC1-030R-T1/12,E_00188,1,0.15
SPC1-030R-T1/12_1,SPC1-030R-T1/12,E_00525,1,1
SPC1-030R-T1/12_1,SPC1-030R-T1/12,E_00538,1,1
SPC1-030R-T1/12_1,SPC1-030R-T1/12,E_00539,1,1
SPC1-030R-T1/12_1,SPC1-030R-T1/12,E_00540,1,1
SPC1-030R-T1/12_1,SPC1-030R-T1/12,E_00541,1,1
SPC1-030R-T1/12_1,SPC1-030R-T1/12,E_00542,1,1
SPC1-030R-T1/12_1,SPC1-030R-T1/12,E_00543,1,2
SPC1-030R-T1/12_1,SPC1-030R-T1/12,E_01079,1,2.64
SPC1-030R-T1/12_1,SPC1-030R-T1/12,EVI_00029,1,2
SPC1-030R-T1/12_1,SPC1-030R-T1/12,EVI_00057,1,1
SPC1-030R-T1/12_1,SPC1-030R-T1/12,EVI_00073,1,1
SPC1-030R-T1/12_1,SPC1-030R-T1/12,EVI_00074,1,1
SPC1-030R-T1/12_1,SPC1-030R-T1/12,EVI_00152,1,1
SPC1-030R-T1/12_1,SPC1-030R-T1/12,EVI_00264,1,1
SPC1-030R-T1/12_1,SPC1-030R-T1/12,EVI_00350,1,1
SPC1-030R-T1/12_1,SPC1-030R-T1/12,EVI_00249,1,1
SPC1-030R-T1/12_1,SPC1-030R-T1/12,E_00342,1,0.0036
SPC1-030R-T1/12_1,SPC1-030R-T1/12,E_06975,1,0.0047
SPC1-030R-T1/12_1,SPC1-030R-T1/12,E_08050,1,3.23
SPH1-4R-T1/12_1,SPH1-4R-T1/12,E_00082,1,1
SPH1-4R-T1/12_1,SPH1-4R-T1/12,E_00459,1,2
SPH1-4R-T1/12_1,SPH1-4R-T1/12,E_00463,1,1
SPH1-4R-T1/12_1,SPH1-4R-T1/12,E_00514,1,1
SPH1-4R-T1/12_1,SPH1-4R-T1/12,E_00605,1,1
SPH1-4R-T1/12_1,SPH1-4R-T1/12,E_00178,1,1
SPH1-4R-T1/12_1,SPH1-4R-T1/12,EVI_00272,1,0.54
SPH1-4R-T1/12_1,SPH1-4R-T1/12,EVI_00273,1,1
SPH1-4R-T1/12_1,SPH1-4R-T1/12,E_00078,1,2
SPH1-4R-T1/12_1,SPH1-4R-T1/12,EVI_00102,1,2
SPH1-4R-T1/12_1,SPH1-4R-T1/12,EVI_00106,1,1
SPH1-4R-T1/12_1,SPH1-4R-T1/12,EVI_00120,1,1
SPH1-4R-T1/12_1,SPH1-4R-T1/12,EVI_00121,1,1
SPH1-4R-T1/12_1,SPH1-4R-T1/12,EVI_00122,1,1
SPH1-4R-T1/12_1,SPH1-4R-T1/12,EVI_00123,1,1
SPH1-4R-T1/12_1,SPH1-4R-T1/12,EVI_00124,1,1
SPH1-4R-T1/12_1,SPH1-4R-T1/12,EVI_00125,1,1
SPH1-4R-T1/12_1,SPH1-4R-T1/12,EVI_00126,1,1
SPH1-4R-T1/12_1,SPH1-4R-T1/12,EVI_00127,1,1
SPH1-4R-T1/12_1,SPH1-4R-T1/12,EVI_00128,1,1
SPH1-4R-T1/12_1,SPH1-4R-T1/12,E_00224,1,1
SPH1-4R-T1/12_1,SPH1-4R-T1/12,E_00646,1,1
SPH1-4R-T1/12_1,SPH1-4R-T1/12,EVI_00004,1,4
SPH1-4R-T1/12_1,SPH1-4R-T1/12,EVI_00013,1,1
SPH1-4R-T1/12_1,SPH1-4R-T1/12,EVI_00015,1,4
SPH1-4R-T1/12_1,SPH1-4R-T1/12,EVI_00017,1,2
SPH1-4R-T1/12_1,SPH1-4R-T1/12,EVI_00019,1,9
SPH1-4R-T1/12_1,SPH1-4R-T1/12,EVI_00020,1,4
SPH1-4R-T1/12_1,SPH1-4R-T1/12,EVI_00129,1,1
SPH1-4R-T1/12_1,SPH1-4R-T1/12,EVI_00295,1,1
SPH1-4R-T1/12_1,SPH1-4R-T1/12,EVI_00058,1,1
SPH1-4R-T1/12_1,SPH1-4R-T1/12,EVI_00238,1,1
SPH1-4R-T1/12_1,SPH1-4R-T1/12,EVI_00288,1,1
SPH1-4R-T1/12_1,SPH1-4R-T1/12,EVI_00426,1,1
SPH1-4R-T1/12_1,SPH1-4R-T1/12,EVI_00063,1,1
SPH1-4R-T1/12_1,SPH1-4R-T1/12,E_00540,1,1
SPH1-4R-T1/12_1,SPH1-4R-T1/12,E_00542,1,1
SPH1-4R-T1/12_1,SPH1-4R-T1/12,E_00543,1,2
SPH1-4R-T1/12_1,SPH1-4R-T1/12,E_01121,1,2.62
SPH1-4R-T1/12_1,SPH1-4R-T1/12,EVI_00029,1,2
SPH1-4R-T1/12_1,SPH1-4R-T1/12,EVI_00057,1,1
SPH1-4R-T1/12_1,SPH1-4R-T1/12,EVI_00073,1,1
SPH1-4R-T1/12_1,SPH1-4R-T1/12,EVI_00074,1,1
SPH1-4R-T1/12_1,SPH1-4R-T1/12,EVI_00152,1,1
SPH1-4R-T1/12_1,SPH1-4R-T1/12,EVI_00264,1,1
SPH1-4R-T1/12_1,SPH1-4R-T1/12,EVI_00350,1,1
SPH1-4R-T1/12_1,SPH1-4R-T1/12,EVI_00250,1,1
SPH1-4R-T1/12_1,SPH1-4R-T1/12,E_00342,1,0.0036
SPH1-4R-T1/12_1,SPH1-4R-T1/12,E_06975,1,0.0047
SPH1-4R-T1/12_1,SPH1-4R-T1/12,E_08050,1,3.28
SPC2-070R-T1/12_1,SPC2-070R-T1/12,E_00082,1,1
SPC2-070R-T1/12_1,SPC2-070R-T1/12,E_00459,1,2.5
SPC2-070R-T1/12_1,SPC2-070R-T1/12,E_00463,1,1
SPC2-070R-T1/12_1,SPC2-070R-T1/12,E_00514,1,1
SPC2-070R-T1/12_1,SPC2-070R-T1/12,E_00071,1,0.05
SPC2-070R-T1/12_1,SPC2-070R-T1/12,E_00434,1,2
SPC2-070R-T1/12_1,SPC2-070R-T1/12,E_00639,1,0.01406
SPC2-070R-T1/12_1,SPC2-070R-T1/12,E_00639,1,0.009606
SPC2-070R-T1/12_1,SPC2-070R-T1/12,EVI_00272,1,0.54
SPC2-070R-T1/12_1,SPC2-070R-T1/12,EVI_00273,1,1
SPC2-070R-T1/12_1,SPC2-070R-T1/12,E_00078,1,2
SPC2-070R-T1/12_1,SPC2-070R-T1/12,EVI_00102,1,2
SPC2-070R-T1/12_1,SPC2-070R-T1/12,EVI_00106,1,1
SPC2-070R-T1/12_1,SPC2-070R-T1/12,EVI_00120,1,1
SPC2-070R-T1/12_1,SPC2-070R-T1/12,EVI_00121,1,1
SPC2-070R-T1/12_1,SPC2-070R-T1/12,EVI_00122,1,1
SPC2-070R-T1/12_1,SPC2-070R-T1/12,EVI_00123,1,1
SPC2-070R-T1/12_1,SPC2-070R-T1/12,EVI_00124,1,1
SPC2-070R-T1/12_1,SPC2-070R-T1/12,EVI_00125,1,1
SPC2-070R-T1/12_1,SPC2-070R-T1/12,EVI_00126,1,1
SPC2-070R-T1/12_1,SPC2-070R-T1/12,EVI_00127,1,1
SPC2-070R-T1/12_1,SPC2-070R-T1/12,EVI_00128,1,1
SPC2-070R-T1/12_1,SPC2-070R-T1/12,E_00098,1,3
SPC2-070R-T1/12_1,SPC2-070R-T1/12,E_00099,1,5
SPC2-070R-T1/12_1,SPC2-070R-T1/12,E_00100,1,2
SPC2-070R-T1/12_1,SPC2-070R-T1/12,E_00101,1,4
SPC2-070R-T1/12_1,SPC2-070R-T1/12,E_00170,1,2
SPC2-070R-T1/12_1,SPC2-070R-T1/12,E_00186,1,3
SPC2-070R-T1/12_1,SPC2-070R-T1/12,E_00224,1,1
SPC2-070R-T1/12_1,SPC2-070R-T1/12,E_00453,1,1
SPC2-070R-T1/12_1,SPC2-070R-T1/12,E_00531,1,2
SPC2-070R-T1/12_1,SPC2-070R-T1/12,E_00646,1,1
SPC2-070R-T1/12_1,SPC2-070R-T1/12,E_00651,1,4
SPC2-070R-T1/12_1,SPC2-070R-T1/12,E_31244,1,2
SPC2-070R-T1/12_1,SPC2-070R-T1/12,EVI_00003,1,4
SPC2-070R-T1/12_1,SPC2-070R-T1/12,EVI_00013,1,1
SPC2-070R-T1/12_1,SPC2-070R-T1/12,EVI_00015,1,1
SPC2-070R-T1/12_1,SPC2-070R-T1/12,EVI_00019,1,2
SPC2-070R-T1/12_1,SPC2-070R-T1/12,EVI_00129,1,1
SPC2-070R-T1/12_1,SPC2-070R-T1/12,EVI_00295,1,1
SPC2-070R-T1/12_1,SPC2-070R-T1/12,EVI_00298,1,4
SPC2-070R-T1/12_1,SPC2-070R-T1/12,EVI_00058,1,1
SPC2-070R-T1/12_1,SPC2-070R-T1/12,EVI_00239,1,1
SPC2-070R-T1/12_1,SPC2-070R-T1/12,EVI_00288,1,1
SPC2-070R-T1/12_1,SPC2-070R-T1/12,EVI_00426,1,1
SPC2-070R-T1/12_1,SPC2-070R-T1/12,EVI_00064,1,1
SPC2-070R-T1/12_1,SPC2-070R-T1/12,E_00188,1,0.15
SPC2-070R-T1/12_1,SPC2-070R-T1/12,E_00525,1,1
SPC2-070R-T1/12_1,SPC2-070R-T1/12,E_00538,1,1
SPC2-070R-T1/12_1,SPC2-070R-T1/12,E_00539,1,1
SPC2-070R-T1/12_1,SPC2-070R-T1/12,E_00540,1,1
SPC2-070R-T1/12_1,SPC2-070R-T1/12,E_00541,1,1
SPC2-070R-T1/12_1,SPC2-070R-T1/12,E_00542,1,1
SPC2-070R-T1/12_1,SPC2-070R-T1/12,E_00543,1,2
SPC2-070R-T1/12_1,SPC2-070R-T1/12,E_01079,1,1.19
SPC2-070R-T1/12_1,SPC2-070R-T1/12,E_01080,1,3.15
SPC2-070R-T1/12_1,SPC2-070R-T1/12,EVI_00030,1,2
SPC2-070R-T1/12_1,SPC2-070R-T1/12,EVI_00057,1,1
SPC2-070R-T1/12_1,SPC2-070R-T1/12,EVI_00073,1,1
SPC2-070R-T1/12_1,SPC2-070R-T1/12,EVI_00074,1,1
SPC2-070R-T1/12_1,SPC2-070R-T1/12,EVI_00264,1,1
SPC2-070R-T1/12_1,SPC2-070R-T1/12,EVI_00291,1,1
SPC2-070R-T1/12_1,SPC2-070R-T1/12,EVI_00364,1,1
SPC2-070R-T1/12_1,SPC2-070R-T1/12,EVI_00254,1,1
SPC2-070R-T1/12_1,SPC2-070R-T1/12,E_00095,1,1.73
SPC2-070R-T1/12_1,SPC2-070R-T1/12,E_00342,1,0.0625
SPC2-070R-T1/12_1,SPC2-070R-T1/12,E_06975,1,0.0131
SPC2-070R-T1/12_1,SPC2-070R-T1/12,E_08050,1,1.14
SPH2-7R-T1/12_1,SPH2-7R-T1/12,E_00082,1,1
SPH2-7R-T1/12_1,SPH2-7R-T1/12,E_00459,1,2.5
SPH2-7R-T1/12_1,SPH2-7R-T1/12,E_00463,1,1
SPH2-7R-T1/12_1,SPH2-7R-T1/12,E_00514,1,1
SPH2-7R-T1/12_1,SPH2-7R-T1/12,E_00605,1,1
SPH2-7R-T1/12_1,SPH2-7R-T1/12,E_00071,1,0.05
SPH2-7R-T1/12_1,SPH2-7R-T1/12,E_00434,1,2
SPH2-7R-T1/12_1,SPH2-7R-T1/12,E_00712,1,0.001644
SPH2-7R-T1/12_1,SPH2-7R-T1/12,E_00712,1,0.002342
SPH2-7R-T1/12_1,SPH2-7R-T1/12,EVI_00272,1,0.705
SPH2-7R-T1/12_1,SPH2-7R-T1/12,EVI_00273,1,1
SPH2-7R-T1/12_1,SPH2-7R-T1/12,E_00078,1,2
SPH2-7R-T1/12_1,SPH2-7R-T1/12,EVI_00102,1,2
SPH2-7R-T1/12_1,SPH2-7R-T1/12,EVI_00106,1,1
SPH2-7R-T1/12_1,SPH2-7R-T1/12,EVI_00120,1,1
SPH2-7R-T1/12_1,SPH2-7R-T1/12,EVI_00121,1,1
SPH2-7R-T1/12_1,SPH2-7R-T1/12,EVI_00122,1,1
SPH2-7R-T1/12_1,SPH2-7R-T1/12,EVI_00123,1,1
SPH2-7R-T1/12_1,SPH2-7R-T1/12,EVI_00124,1,1
SPH2-7R-T1/12_1,SPH2-7R-T1/12,EVI_00125,1,1
SPH2-7R-T1/12_1,SPH2-7R-T1/12,EVI_00126,1,1
SPH2-7R-T1/12_1,SPH2-7R-T1/12,EVI_00127,1,1
SPH2-7R-T1/12_1,SPH2-7R-T1/12,EVI_00128,1,1
SPH2-7R-T1/12_1,SPH2-7R-T1/12,E_00098,1,1
SPH2-7R-T1/12_1,SPH2-7R-T1/12,E_00099,1,4
SPH2-7R-T1/12_1,SPH2-7R-T1/12,E_00100,1,4
SPH2-7R-T1/12_1,SPH2-7R-T1/12,E_00101,1,4
SPH2-7R-T1/12_1,SPH2-7R-T1/12,E_00170,1,2
SPH2-7R-T1/12_1,SPH2-7R-T1/12,E_00186,1,4
SPH2-7R-T1/12_1,SPH2-7R-T1/12,E_00224,1,1
SPH2-7R-T1/12_1,SPH2-7R-T1/12,E_00453,1,1
SPH2-7R-T1/12_1,SPH2-7R-T1/12,E_00531,1,2
SPH2-7R-T1/12_1,SPH2-7R-T1/12,E_00561,1,1
SPH2-7R-T1/12_1,SPH2-7R-T1/12,E_00646,1,1
SPH2-7R-T1/12_1,SPH2-7R-T1/12,E_00651,1,4
SPH2-7R-T1/12_1,SPH2-7R-T1/12,E_31244,1,2
SPH2-7R-T1/12_1,SPH2-7R-T1/12,EVI_00003,1,4
SPH2-7R-T1/12_1,SPH2-7R-T1/12,EVI_00013,1,1
SPH2-7R-T1/12_1,SPH2-7R-T1/12,EVI_00015,1,1
SPH2-7R-T1/12_1,SPH2-7R-T1/12,EVI_00019,1,2
SPH2-7R-T1/12_1,SPH2-7R-T1/12,EVI_00129,1,1
SPH2-7R-T1/12_1,SPH2-7R-T1/12,EVI_00295,1,1
SPH2-7R-T1/12_1,SPH2-7R-T1/12,EVI_00298,1,4
SPH2-7R-T1/12_1,SPH2-7R-T1/12,EVI_00042,1,1
SPH2-7R-T1/12_1,SPH2-7R-T1/12,EVI_00058,1,1
SPH2-7R-T1/12_1,SPH2-7R-T1/12,EVI_00239,1,1
SPH2-7R-T1/12_1,SPH2-7R-T1/12,EVI_00426,1,1
SPH2-7R-T1/12_1,SPH2-7R-T1/12,EVI_00064,1,1
SPH2-7R-T1/12_1,SPH2-7R-T1/12,E_00540,1,1
SPH2-7R-T1/12_1,SPH2-7R-T1/12,E_00542,1,1
SPH2-7R-T1/12_1,SPH2-7R-T1/12,E_00543,1,2
SPH2-7R-T1/12_1,SPH2-7R-T1/12,E_01121,1,1.23
SPH2-7R-T1/12_1,SPH2-7R-T1/12,E_01122,1,3.28
SPH2-7R-T1/12_1,SPH2-7R-T1/12,EVI_00030,1,2
SPH2-7R-T1/12_1,SPH2-7R-T1/12,EVI_00057,1,1
SPH2-7R-T1/12_1,SPH2-7R-T1/12,EVI_00073,1,1
SPH2-7R-T1/12_1,SPH2-7R-T1/12,EVI_00074,1,1
SPH2-7R-T1/12_1,SPH2-7R-T1/12,EVI_00264,1,1
SPH2-7R-T1/12_1,SPH2-7R-T1/12,EVI_00291,1,1
SPH2-7R-T1/12_1,SPH2-7R-T1/12,EVI_00364,1,1
SPH2-7R-T1/12_1,SPH2-7R-T1/12,EVI_00254,1,1
SPH2-7R-T1/12_1,SPH2-7R-T1/12,E_00095,1,2.02
SPH2-7R-T1/12_1,SPH2-7R-T1/12,E_00342,1,0.0701
SPH2-7R-T1/12_1,SPH2-7R-T1/12,E_06975,1,0.01335
SPH2-7R-T1/12_1,SPH2-7R-T1/12,E_08050,1,0.42
SPH2-4B-T1/12_1,SPH2-4B-T1/12,E_00082,1,1
SPH2-4B-T1/12_1,SPH2-4B-T1/12,E_00459,1,2.5
SPH2-4B-T1/12_1,SPH2-4B-T1/12,E_00463,1,1
SPH2-4B-T1/12_1,SPH2-4B-T1/12,E_00605,1,1
SPH2-4B-T1/12_1,SPH2-4B-T1/12,E_31246,1,1
SPH2-4B-T1/12_1,SPH2-4B-T1/12,E_00434,1,1
SPH2-4B-T1/12_1,SPH2-4B-T1/12,E_00712,1,0.001644
SPH2-4B-T1/12_1,SPH2-4B-T1/12,E_00712,1,0.002342
SPH2-4B-T1/12_1,SPH2-4B-T1/12,EVI_00272,1,2.115
SPH2-4B-T1/12_1,SPH2-4B-T1/12,EVI_00273,1,3
SPH2-4B-T1/12_1,SPH2-4B-T1/12,E_00078,1,2.75
SPH2-4B-T1/12_1,SPH2-4B-T1/12,E_00169,1,1
SPH2-4B-T1/12_1,SPH2-4B-T1/12,E_00278,1,1
SPH2-4B-T1/12_1,SPH2-4B-T1/12,E_00376,1,1
SPH2-4B-T1/12_1,SPH2-4B-T1/12,E_00411,1,2
SPH2-4B-T1/12_1,SPH2-4B-T1/12,E_00412,1,2
SPH2-4B-T1/12_1,SPH2-4B-T1/12,E_00413,1,3
SPH2-4B-T1/12_1,SPH2-4B-T1/12,E_00442,1,2
SPH2-4B-T1/12_1,SPH2-4B-T1/12,E_00443,1,1
SPH2-4B-T1/12_1,SPH2-4B-T1/12,E_00444,1,1
SPH2-4B-T1/12_1,SPH2-4B-T1/12,E_00446,1,1
SPH2-4B-T1/12_1,SPH2-4B-T1/12,EVI_00102,1,2
SPH2-4B-T1/12_1,SPH2-4B-T1/12,EVI_00106,1,1
SPH2-4B-T1/12_1,SPH2-4B-T1/12,EVI_00120,1,1
SPH2-4B-T1/12_1,SPH2-4B-T1/12,EVI_00121,1,1
SPH2-4B-T1/12_1,SPH2-4B-T1/12,EVI_00122,1,1
SPH2-4B-T1/12_1,SPH2-4B-T1/12,EVI_00123,1,1
SPH2-4B-T1/12_1,SPH2-4B-T1/12,EVI_00124,1,1
SPH2-4B-T1/12_1,SPH2-4B-T1/12,EVI_00125,1,1
SPH2-4B-T1/12_1,SPH2-4B-T1/12,EVI_00126,1,1
SPH2-4B-T1/12_1,SPH2-4B-T1/12,EVI_00127,1,1
SPH2-4B-T1/12_1,SPH2-4B-T1/12,EVI_00128,1,1
SPH2-4B-T1/12_1,SPH2-4B-T1/12,E_00098,1,1
SPH2-4B-T1/12_1,SPH2-4B-T1/12,E_00099,1,5
SPH2-4B-T1/12_1,SPH2-4B-T1/12,E_00100,1,3
SPH2-4B-T1/12_1,SPH2-4B-T1/12,E_00101,1,3
SPH2-4B-T1/12_1,SPH2-4B-T1/12,E_00170,1,2
SPH2-4B-T1/12_1,SPH2-4B-T1/12,E_00186,1,6
SPH2-4B-T1/12_1,SPH2-4B-T1/12,E_00224,1,1
SPH2-4B-T1/12_1,SPH2-4B-T1/12,E_00453,1,1
SPH2-4B-T1/12_1,SPH2-4B-T1/12,E_00531,1,2
SPH2-4B-T1/12_1,SPH2-4B-T1/12,E_00646,1,1
SPH2-4B-T1/12_1,SPH2-4B-T1/12,E_04469,1,0.34
SPH2-4B-T1/12_1,SPH2-4B-T1/12,E_31244,1,2
SPH2-4B-T1/12_1,SPH2-4B-T1/12,EVI_00003,1,4
SPH2-4B-T1/12_1,SPH2-4B-T1/12,EVI_00013,1,1
SPH2-4B-T1/12_1,SPH2-4B-T1/12,EVI_00019,1,1
SPH2-4B-T1/12_1,SPH2-4B-T1/12,EVI_00129,1,1
SPH2-4B-T1/12_1,SPH2-4B-T1/12,EVI_00295,1,1
SPH2-4B-T1/12_1,SPH2-4B-T1/12,EVI_00298,1,4
SPH2-4B-T1/12_1,SPH2-4B-T1/12,EVI_00042,1,1
SPH2-4B-T1/12_1,SPH2-4B-T1/12,EVI_00058,1,1
SPH2-4B-T1/12_1,SPH2-4B-T1/12,EVI_00321,1,1
SPH2-4B-T1/12_1,SPH2-4B-T1/12,EVI_00426,1,1
SPH2-4B-T1/12_1,SPH2-4B-T1/12,EVI_00064,1,1
SPH2-4B-T1/12_1,SPH2-4B-T1/12,E_00188,1,1.5
SPH2-4B-T1/12_1,SPH2-4B-T1/12,E_01121,1,1
SPH2-4B-T1/12_1,SPH2-4B-T1/12,E_01122,1,3.43
SPH2-4B-T1/12_1,SPH2-4B-T1/12,EVI_00030,1,2
SPH2-4B-T1/12_1,SPH2-4B-T1/12,EVI_00057,1,1
SPH2-4B-T1/12_1,SPH2-4B-T1/12,EVI_00073,1,1
SPH2-4B-T1/12_1,SPH2-4B-T1/12,EVI_00074,1,1
SPH2-4B-T1/12_1,SPH2-4B-T1/12,EVI_00343,1,1
SPH2-4B-T1/12_1,SPH2-4B-T1/12,EVI_00264,1,1
SPH2-4B-T1/12_1,SPH2-4B-T1/12,EVI_00291,1,1
SPH2-4B-T1/12_1,SPH2-4B-T1/12,Evi_00497,1,1
SPH2-4B-T1/12_1,SPH2-4B-T1/12,E_00095,1,2.02
SPH2-4B-T1/12_1,SPH2-4B-T1/12,E_00342,1,0.0739
SPH2-4B-T1/12_1,SPH2-4B-T1/12,E_06975,1,0.011
SPH2-4B-T1/12_1,SPH2-4B-T1/12,E_08050,1,0.91
SPC2-030B-T1/12_1,SPC2-030B-T1/12,E_00082,1,1
SPC2-030B-T1/12_1,SPC2-030B-T1/12,E_00459,1,2.5
SPC2-030B-T1/12_1,SPC2-030B-T1/12,E_00463,1,1
SPC2-030B-T1/12_1,SPC2-030B-T1/12,E_31246,1,1
SPC2-030B-T1/12_1,SPC2-030B-T1/12,E_00434,1,1
SPC2-030B-T1/12_1,SPC2-030B-T1/12,E_00639,1,0.01406
SPC2-030B-T1/12_1,SPC2-030B-T1/12,E_00639,1,0.009606
SPC2-030B-T1/12_1,SPC2-030B-T1/12,EVI_00272,1,0.705
SPC2-030B-T1/12_1,SPC2-030B-T1/12,EVI_00273,1,1
SPC2-030B-T1/12_1,SPC2-030B-T1/12,E_00078,1,2.75
SPC2-030B-T1/12_1,SPC2-030B-T1/12,E_00169,1,1
SPC2-030B-T1/12_1,SPC2-030B-T1/12,E_00278,1,1
SPC2-030B-T1/12_1,SPC2-030B-T1/12,E_00376,1,1
SPC2-030B-T1/12_1,SPC2-030B-T1/12,E_00411,1,2
SPC2-030B-T1/12_1,SPC2-030B-T1/12,E_00412,1,2
SPC2-030B-T1/12_1,SPC2-030B-T1/12,E_00413,1,3
SPC2-030B-T1/12_1,SPC2-030B-T1/12,E_00442,1,2
SPC2-030B-T1/12_1,SPC2-030B-T1/12,E_00443,1,1
SPC2-030B-T1/12_1,SPC2-030B-T1/12,E_00444,1,1
SPC2-030B-T1/12_1,SPC2-030B-T1/12,E_00446,1,1
SPC2-030B-T1/12_1,SPC2-030B-T1/12,EVI_00102,1,2
SPC2-030B-T1/12_1,SPC2-030B-T1/12,EVI_00106,1,1
SPC2-030B-T1/12_1,SPC2-030B-T1/12,EVI_00120,1,1
SPC2-030B-T1/12_1,SPC2-030B-T1/12,EVI_00121,1,1
SPC2-030B-T1/12_1,SPC2-030B-T1/12,EVI_00122,1,1
SPC2-030B-T1/12_1,SPC2-030B-T1/12,EVI_00123,1,1
SPC2-030B-T1/12_1,SPC2-030B-T1/12,EVI_00124,1,1
SPC2-030B-T1/12_1,SPC2-030B-T1/12,EVI_00125,1,1
SPC2-030B-T1/12_1,SPC2-030B-T1/12,EVI_00126,1,1
SPC2-030B-T1/12_1,SPC2-030B-T1/12,EVI_00127,1,1
SPC2-030B-T1/12_1,SPC2-030B-T1/12,EVI_00128,1,1
SPC2-030B-T1/12_1,SPC2-030B-T1/12,E_00098,1,2
SPC2-030B-T1/12_1,SPC2-030B-T1/12,E_00099,1,5
SPC2-030B-T1/12_1,SPC2-030B-T1/12,E_00100,1,1
SPC2-030B-T1/12_1,SPC2-030B-T1/12,E_00101,1,4
SPC2-030B-T1/12_1,SPC2-030B-T1/12,E_00170,1,2
SPC2-030B-T1/12_1,SPC2-030B-T1/12,E_00186,1,6
SPC2-030B-T1/12_1,SPC2-030B-T1/12,E_00224,1,1
SPC2-030B-T1/12_1,SPC2-030B-T1/12,E_00453,1,1
SPC2-030B-T1/12_1,SPC2-030B-T1/12,E_00531,1,2
SPC2-030B-T1/12_1,SPC2-030B-T1/12,E_00646,1,1
SPC2-030B-T1/12_1,SPC2-030B-T1/12,E_04469,1,0.34
SPC2-030B-T1/12_1,SPC2-030B-T1/12,E_31244,1,2
SPC2-030B-T1/12_1,SPC2-030B-T1/12,EVI_00003,1,4
SPC2-030B-T1/12_1,SPC2-030B-T1/12,EVI_00013,1,1
SPC2-030B-T1/12_1,SPC2-030B-T1/12,EVI_00019,1,1
SPC2-030B-T1/12_1,SPC2-030B-T1/12,EVI_00129,1,1
SPC2-030B-T1/12_1,SPC2-030B-T1/12,EVI_00295,1,1
SPC2-030B-T1/12_1,SPC2-030B-T1/12,EVI_00298,1,4
SPC2-030B-T1/12_1,SPC2-030B-T1/12,EVI_00042,1,1
SPC2-030B-T1/12_1,SPC2-030B-T1/12,EVI_00058,1,1
SPC2-030B-T1/12_1,SPC2-030B-T1/12,EVI_00426,1,1
SPC2-030B-T1/12_1,SPC2-030B-T1/12,Evi_00498,1,1
SPC2-030B-T1/12_1,SPC2-030B-T1/12,EVI_00064,1,1
SPC2-030B-T1/12_1,SPC2-030B-T1/12,E_00188,1,2
SPC2-030B-T1/12_1,SPC2-030B-T1/12,E_00191,1,1
SPC2-030B-T1/12_1,SPC2-030B-T1/12,E_00365,1,1
SPC2-030B-T1/12_1,SPC2-030B-T1/12,E_01079,1,0.75
SPC2-030B-T1/12_1,SPC2-030B-T1/12,E_01080,1,3.26
SPC2-030B-T1/12_1,SPC2-030B-T1/12,EVI_00030,1,2
SPC2-030B-T1/12_1,SPC2-030B-T1/12,EVI_00057,1,1
SPC2-030B-T1/12_1,SPC2-030B-T1/12,EVI_00073,1,1
SPC2-030B-T1/12_1,SPC2-030B-T1/12,EVI_00074,1,1
SPC2-030B-T1/12_1,SPC2-030B-T1/12,EVI_00264,1,1
SPC2-030B-T1/12_1,SPC2-030B-T1/12,EVI_00291,1,1
SPC2-030B-T1/12_1,SPC2-030B-T1/12,EVI_00343,1,1
SPC2-030B-T1/12_1,SPC2-030B-T1/12,EVI_00377,1,1
SPC2-030B-T1/12_1,SPC2-030B-T1/12,E_00095,1,1.9
SPC2-030B-T1/12_1,SPC2-030B-T1/12,E_00342,1,0.0682
SPC2-030B-T1/12_1,SPC2-030B-T1/12,E_06975,1,0.0131
SPC2-030B-T1/12_1,SPC2-030B-T1/12,E_08050,1,0.87
SPC3-070B-T1/12_1,SPC3-070B-T1/12,E_00082,1,1
SPC3-070B-T1/12_1,SPC3-070B-T1/12,E_00459,1,5.6
SPC3-070B-T1/12_1,SPC3-070B-T1/12,E_00463,1,2
SPC3-070B-T1/12_1,SPC3-070B-T1/12,E_01204,1,1
SPC3-070B-T1/12_1,SPC3-070B-T1/12,E_00071,1,0.0625
SPC3-070B-T1/12_1,SPC3-070B-T1/12,E_00470,1,3
SPC3-070B-T1/12_1,SPC3-070B-T1/12,E_00712,1,0.001644
SPC3-070B-T1/12_1,SPC3-070B-T1/12,E_00712,1,0.002342
SPC3-070B-T1/12_1,SPC3-070B-T1/12,EVI_00272,1,2.545
SPC3-070B-T1/12_1,SPC3-070B-T1/12,EVI_00273,1,3
SPC3-070B-T1/12_1,SPC3-070B-T1/12,E_00078,1,2.75
SPC3-070B-T1/12_1,SPC3-070B-T1/12,E_00169,1,1
SPC3-070B-T1/12_1,SPC3-070B-T1/12,E_00278,1,1
SPC3-070B-T1/12_1,SPC3-070B-T1/12,E_00376,1,1
SPC3-070B-T1/12_1,SPC3-070B-T1/12,E_00411,1,2
SPC3-070B-T1/12_1,SPC3-070B-T1/12,E_00412,1,2
SPC3-070B-T1/12_1,SPC3-070B-T1/12,E_00413,1,3
SPC3-070B-T1/12_1,SPC3-070B-T1/12,E_00442,1,2
SPC3-070B-T1/12_1,SPC3-070B-T1/12,E_00443,1,1
SPC3-070B-T1/12_1,SPC3-070B-T1/12,E_00444,1,1
SPC3-070B-T1/12_1,SPC3-070B-T1/12,E_00446,1,1
SPC3-070B-T1/12_1,SPC3-070B-T1/12,EVI_00102,1,2
SPC3-070B-T1/12_1,SPC3-070B-T1/12,EVI_00106,1,1
SPC3-070B-T1/12_1,SPC3-070B-T1/12,EVI_00120,1,1
SPC3-070B-T1/12_1,SPC3-070B-T1/12,EVI_00121,1,1
SPC3-070B-T1/12_1,SPC3-070B-T1/12,EVI_00122,1,1
SPC3-070B-T1/12_1,SPC3-070B-T1/12,EVI_00123,1,1
SPC3-070B-T1/12_1,SPC3-070B-T1/12,EVI_00124,1,1
SPC3-070B-T1/12_1,SPC3-070B-T1/12,EVI_00125,1,1
SPC3-070B-T1/12_1,SPC3-070B-T1/12,EVI_00126,1,1
SPC3-070B-T1/12_1,SPC3-070B-T1/12,EVI_00127,1,1
SPC3-070B-T1/12_1,SPC3-070B-T1/12,EVI_00128,1,1
SPC3-070B-T1/12_1,SPC3-070B-T1/12,E_00155,1,0.5
SPC3-070B-T1/12_1,SPC3-070B-T1/12,E_00155,1,0.21
SPC3-070B-T1/12_1,SPC3-070B-T1/12,E_00211,1,0.708
SPC3-070B-T1/12_1,SPC3-070B-T1/12,E_00212,1,6
SPC3-070B-T1/12_1,SPC3-070B-T1/12,E_00213,1,5
SPC3-070B-T1/12_1,SPC3-070B-T1/12,E_00215,1,5
SPC3-070B-T1/12_1,SPC3-070B-T1/12,E_00218,1,2
SPC3-070B-T1/12_1,SPC3-070B-T1/12,E_00224,1,1
SPC3-070B-T1/12_1,SPC3-070B-T1/12,E_00546,1,4
SPC3-070B-T1/12_1,SPC3-070B-T1/12,E_00646,1,1
SPC3-070B-T1/12_1,SPC3-070B-T1/12,E_00650,1,1
SPC3-070B-T1/12_1,SPC3-070B-T1/12,E_00966,1,1
SPC3-070B-T1/12_1,SPC3-070B-T1/12,E_31242,1,6
SPC3-070B-T1/12_1,SPC3-070B-T1/12,EVI_00013,1,1
SPC3-070B-T1/12_1,SPC3-070B-T1/12,EVI_00015,1,1
SPC3-070B-T1/12_1,SPC3-070B-T1/12,EVI_00019,1,2
SPC3-070B-T1/12_1,SPC3-070B-T1/12,EVI_00129,1,1
SPC3-070B-T1/12_1,SPC3-070B-T1/12,EVI_00295,1,1
SPC3-070B-T1/12_1,SPC3-070B-T1/12,EVI_00042,1,1
SPC3-070B-T1/12_1,SPC3-070B-T1/12,EVI_00058,1,1
SPC3-070B-T1/12_1,SPC3-070B-T1/12,EVI_00059,1,1
SPC3-070B-T1/12_1,SPC3-070B-T1/12,EVI_00130,1,1
SPC3-070B-T1/12_1,SPC3-070B-T1/12,EVI_00439,1,1
SPC3-070B-T1/12_1,SPC3-070B-T1/12,EVI_00281,1,1
SPC3-070B-T1/12_1,SPC3-070B-T1/12,E_00188,1,2.4
SPC3-070B-T1/12_1,SPC3-070B-T1/12,E_00191,1,1
SPC3-070B-T1/12_1,SPC3-070B-T1/12,E_00349,1,3.61
SPC3-070B-T1/12_1,SPC3-070B-T1/12,E_00365,1,1
SPC3-070B-T1/12_1,SPC3-070B-T1/12,E_01079,1,1.1
SPC3-070B-T1/12_1,SPC3-070B-T1/12,EVI_00057,1,1
SPC3-070B-T1/12_1,SPC3-070B-T1/12,EVI_00073,1,1
SPC3-070B-T1/12_1,SPC3-070B-T1/12,EVI_00074,1,1
SPC3-070B-T1/12_1,SPC3-070B-T1/12,EVI_00343,1,1
SPC3-070B-T1/12_1,SPC3-070B-T1/12,EVI_00160,1,2
SPC3-070B-T1/12_1,SPC3-070B-T1/12,EVI_00264,1,1
SPC3-070B-T1/12_1,SPC3-070B-T1/12,EVI_00368,1,1
SPC3-070B-T1/12_1,SPC3-070B-T1/12,EVI_00301,1,1
SPC3-070B-T1/12_1,SPC3-070B-T1/12,E_00206,1,1.91
SPC3-070B-T1/12_1,SPC3-070B-T1/12,E_00342,1,0.0936
SPC3-070B-T1/12_1,SPC3-070B-T1/12,E_06975,1,0.0176
SPC3-070B-T1/12_1,SPC3-070B-T1/12,E_08050,1,1
CHHC-W7R-1A-4R1-T5/PX (K603)_1,CHHC-W7R-1A-4R1-T5/PX (K603),E_00379,1,0.6
CHHC-W7R-1A-4R1-T5/PX (K603)_1,CHHC-W7R-1A-4R1-T5/PX (K603),E_00459,1,5
CHHC-W7R-1A-4R1-T5/PX (K603)_1,CHHC-W7R-1A-4R1-T5/PX (K603),E_00463,1,1
CHHC-W7R-1A-4R1-T5/PX (K603)_1,CHHC-W7R-1A-4R1-T5/PX (K603),E_00605,1,1
CHHC-W7R-1A-4R1-T5/PX (K603)_1,CHHC-W7R-1A-4R1-T5/PX (K603),E_00609,1,1
CHHC-W7R-1A-4R1-T5/PX (K603)_1,CHHC-W7R-1A-4R1-T5/PX (K603),E_01205,1,1
CHHC-W7R-1A-4R1-T5/PX (K603)_1,CHHC-W7R-1A-4R1-T5/PX (K603),E_00753,1,1
CHHC-W7R-1A-4R1-T5/PX (K603)_1,CHHC-W7R-1A-4R1-T5/PX (K603),E_00178,1,1
CHHC-W7R-1A-4R1-T5/PX (K603)_1,CHHC-W7R-1A-4R1-T5/PX (K603),E_00266,1,8.1
CHHC-W7R-1A-4R1-T5/PX (K603)_1,CHHC-W7R-1A-4R1-T5/PX (K603),Maux_32332,1,0.15
CHHC-W7R-1A-4R1-T5/PX (K603)_1,CHHC-W7R-1A-4R1-T5/PX (K603),E_00078,1,5.6
CHHC-W7R-1A-4R1-T5/PX (K603)_1,CHHC-W7R-1A-4R1-T5/PX (K603),E_00080,1,0.05
CHHC-W7R-1A-4R1-T5/PX (K603)_1,CHHC-W7R-1A-4R1-T5/PX (K603),E_00169,1,4.2
CHHC-W7R-1A-4R1-T5/PX (K603)_1,CHHC-W7R-1A-4R1-T5/PX (K603),E_00187,1,0.4
CHHC-W7R-1A-4R1-T5/PX (K603)_1,CHHC-W7R-1A-4R1-T5/PX (K603),E_00380,1,3
CHHC-W7R-1A-4R1-T5/PX (K603)_1,CHHC-W7R-1A-4R1-T5/PX (K603),E_00381,1,3
CHHC-W7R-1A-4R1-T5/PX (K603)_1,CHHC-W7R-1A-4R1-T5/PX (K603),E_00658,1,1
CHHC-W7R-1A-4R1-T5/PX (K603)_1,CHHC-W7R-1A-4R1-T5/PX (K603),E_00659,1,1
CHHC-W7R-1A-4R1-T5/PX (K603)_1,CHHC-W7R-1A-4R1-T5/PX (K603),E_00660,1,1
CHHC-W7R-1A-4R1-T5/PX (K603)_1,CHHC-W7R-1A-4R1-T5/PX (K603),E_00661,1,1
CHHC-W7R-1A-4R1-T5/PX (K603)_1,CHHC-W7R-1A-4R1-T5/PX (K603),E_00662,1,1
CHHC-W7R-1A-4R1-T5/PX (K603)_1,CHHC-W7R-1A-4R1-T5/PX (K603),E_00663,1,1
CHHC-W7R-1A-4R1-T5/PX (K603)_1,CHHC-W7R-1A-4R1-T5/PX (K603),E_00664,1,1
CHHC-W7R-1A-4R1-T5/PX (K603)_1,CHHC-W7R-1A-4R1-T5/PX (K603),E_00665,1,1
CHHC-W7R-1A-4R1-T5/PX (K603)_1,CHHC-W7R-1A-4R1-T5/PX (K603),E_00667,1,1
CHHC-W7R-1A-4R1-T5/PX (K603)_1,CHHC-W7R-1A-4R1-T5/PX (K603),E_00686,1,1
CHHC-W7R-1A-4R1-T5/PX (K603)_1,CHHC-W7R-1A-4R1-T5/PX (K603),EVI_00102,1,6
CHHC-W7R-1A-4R1-T5/PX (K603)_1,CHHC-W7R-1A-4R1-T5/PX (K603),EVI_00106,1,1
CHHC-W7R-1A-4R1-T5/PX (K603)_1,CHHC-W7R-1A-4R1-T5/PX (K603),EVI_00116,1,1
CHHC-W7R-1A-4R1-T5/PX (K603)_1,CHHC-W7R-1A-4R1-T5/PX (K603),EVI_00120,1,1
CHHC-W7R-1A-4R1-T5/PX (K603)_1,CHHC-W7R-1A-4R1-T5/PX (K603),EVI_00121,1,1
CHHC-W7R-1A-4R1-T5/PX (K603)_1,CHHC-W7R-1A-4R1-T5/PX (K603),EVI_00122,1,1
CHHC-W7R-1A-4R1-T5/PX (K603)_1,CHHC-W7R-1A-4R1-T5/PX (K603),EVI_00123,1,1
CHHC-W7R-1A-4R1-T5/PX (K603)_1,CHHC-W7R-1A-4R1-T5/PX (K603),EVI_00124,1,1
CHHC-W7R-1A-4R1-T5/PX (K603)_1,CHHC-W7R-1A-4R1-T5/PX (K603),EVI_00125,1,1
CHHC-W7R-1A-4R1-T5/PX (K603)_1,CHHC-W7R-1A-4R1-T5/PX (K603),EVI_00126,1,1
CHHC-W7R-1A-4R1-T5/PX (K603)_1,CHHC-W7R-1A-4R1-T5/PX (K603),EVI_00127,1,1
CHHC-W7R-1A-4R1-T5/PX (K603)_1,CHHC-W7R-1A-4R1-T5/PX (K603),EVI_00128,1,1
CHHC-W7R-1A-4R1-T5/PX (K603)_1,CHHC-W7R-1A-4R1-T5/PX (K603),E_00205,1,0.1
CHHC-W7R-1A-4R1-T5/PX (K603)_1,CHHC-W7R-1A-4R1-T5/PX (K603),E_00224,1,4
CHHC-W7R-1A-4R1-T5/PX (K603)_1,CHHC-W7R-1A-4R1-T5/PX (K603),E_00258,1,1
CHHC-W7R-1A-4R1-T5/PX (K603)_1,CHHC-W7R-1A-4R1-T5/PX (K603),E_00259,1,1
CHHC-W7R-1A-4R1-T5/PX (K603)_1,CHHC-W7R-1A-4R1-T5/PX (K603),E_00327,1,1
CHHC-W7R-1A-4R1-T5/PX (K603)_1,CHHC-W7R-1A-4R1-T5/PX (K603),E_00636,1,1
CHHC-W7R-1A-4R1-T5/PX (K603)_1,CHHC-W7R-1A-4R1-T5/PX (K603),E_00642,1,4
CHHC-W7R-1A-4R1-T5/PX (K603)_1,CHHC-W7R-1A-4R1-T5/PX (K603),E_00646,1,2
CHHC-W7R-1A-4R1-T5/PX (K603)_1,CHHC-W7R-1A-4R1-T5/PX (K603),E_00650,1,1
CHHC-W7R-1A-4R1-T5/PX (K603)_1,CHHC-W7R-1A-4R1-T5/PX (K603),E_04469,1,0.29
CHHC-W7R-1A-4R1-T5/PX (K603)_1,CHHC-W7R-1A-4R1-T5/PX (K603),EVI_00002,1,1
CHHC-W7R-1A-4R1-T5/PX (K603)_1,CHHC-W7R-1A-4R1-T5/PX (K603),EVI_00003,1,1
CHHC-W7R-1A-4R1-T5/PX (K603)_1,CHHC-W7R-1A-4R1-T5/PX (K603),EVI_00004,1,10
CHHC-W7R-1A-4R1-T5/PX (K603)_1,CHHC-W7R-1A-4R1-T5/PX (K603),EVI_00013,1,2
CHHC-W7R-1A-4R1-T5/PX (K603)_1,CHHC-W7R-1A-4R1-T5/PX (K603),EVI_00015,1,10
CHHC-W7R-1A-4R1-T5/PX (K603)_1,CHHC-W7R-1A-4R1-T5/PX (K603),EVI_00017,1,4
CHHC-W7R-1A-4R1-T5/PX (K603)_1,CHHC-W7R-1A-4R1-T5/PX (K603),EVI_00019,1,26
CHHC-W7R-1A-4R1-T5/PX (K603)_1,CHHC-W7R-1A-4R1-T5/PX (K603),EVI_00020,1,4
CHHC-W7R-1A-4R1-T5/PX (K603)_1,CHHC-W7R-1A-4R1-T5/PX (K603),EVI_00129,1,1
CHHC-W7R-1A-4R1-T5/PX (K603)_1,CHHC-W7R-1A-4R1-T5/PX (K603),EVI_00295,1,1
CHHC-W7R-1A-4R1-T5/PX (K603)_1,CHHC-W7R-1A-4R1-T5/PX (K603),EVI_00296,1,1
CHHC-W7R-1A-4R1-T5/PX (K603)_1,CHHC-W7R-1A-4R1-T5/PX (K603),EVI_00363,1,1
CHHC-W7R-1A-4R1-T5/PX (K603)_1,CHHC-W7R-1A-4R1-T5/PX (K603),EVI_00396,1,1
CHHC-W7R-1A-4R1-T5/PX (K603)_1,CHHC-W7R-1A-4R1-T5/PX (K603),Mpr_02641,1,0.05
CHHC-W7R-1A-4R1-T5/PX (K603)_1,CHHC-W7R-1A-4R1-T5/PX (K603),E_00653,1,1
CHHC-W7R-1A-4R1-T5/PX (K603)_1,CHHC-W7R-1A-4R1-T5/PX (K603),EVI_00058,1,2
CHHC-W7R-1A-4R1-T5/PX (K603)_1,CHHC-W7R-1A-4R1-T5/PX (K603),EVI_00130,1,2
CHHC-W7R-1A-4R1-T5/PX (K603)_1,CHHC-W7R-1A-4R1-T5/PX (K603),EVI_00238,1,1
CHHC-W7R-1A-4R1-T5/PX (K603)_1,CHHC-W7R-1A-4R1-T5/PX (K603),EVI_00385,1,2
CHHC-W7R-1A-4R1-T5/PX (K603)_1,CHHC-W7R-1A-4R1-T5/PX (K603),EVI_00425,1,1
CHHC-W7R-1A-4R1-T5/PX (K603)_1,CHHC-W7R-1A-4R1-T5/PX (K603),EVI_00426,1,2
CHHC-W7R-1A-4R1-T5/PX (K603)_1,CHHC-W7R-1A-4R1-T5/PX (K603),EVI_00427,1,1
CHHC-W7R-1A-4R1-T5/PX (K603)_1,CHHC-W7R-1A-4R1-T5/PX (K603),EVI_00429,1,1
CHHC-W7R-1A-4R1-T5/PX (K603)_1,CHHC-W7R-1A-4R1-T5/PX (K603),E_00188,1,1.35
CHHC-W7R-1A-4R1-T5/PX (K603)_1,CHHC-W7R-1A-4R1-T5/PX (K603),E_00326,1,1
CHHC-W7R-1A-4R1-T5/PX (K603)_1,CHHC-W7R-1A-4R1-T5/PX (K603),E_00367,1,2
CHHC-W7R-1A-4R1-T5/PX (K603)_1,CHHC-W7R-1A-4R1-T5/PX (K603),E_00368,1,1
CHHC-W7R-1A-4R1-T5/PX (K603)_1,CHHC-W7R-1A-4R1-T5/PX (K603),E_00726,1,1.21
CHHC-W7R-1A-4R1-T5/PX (K603)_1,CHHC-W7R-1A-4R1-T5/PX (K603),E_00750,1,0.25
CHHC-W7R-1A-4R1-T5/PX (K603)_1,CHHC-W7R-1A-4R1-T5/PX (K603),E_00761,1,1
CHHC-W7R-1A-4R1-T5/PX (K603)_1,CHHC-W7R-1A-4R1-T5/PX (K603),E_00762,1,2
CHHC-W7R-1A-4R1-T5/PX (K603)_1,CHHC-W7R-1A-4R1-T5/PX (K603),E_00763,1,1
CHHC-W7R-1A-4R1-T5/PX (K603)_1,CHHC-W7R-1A-4R1-T5/PX (K603),E_00764,1,2
CHHC-W7R-1A-4R1-T5/PX (K603)_1,CHHC-W7R-1A-4R1-T5/PX (K603),E_00765,1,1
CHHC-W7R-1A-4R1-T5/PX (K603)_1,CHHC-W7R-1A-4R1-T5/PX (K603),E_00766,1,1
CHHC-W7R-1A-4R1-T5/PX (K603)_1,CHHC-W7R-1A-4R1-T5/PX (K603),E_00767,1,1
CHHC-W7R-1A-4R1-T5/PX (K603)_1,CHHC-W7R-1A-4R1-T5/PX (K603),E_00768,1,1
CHHC-W7R-1A-4R1-T5/PX (K603)_1,CHHC-W7R-1A-4R1-T5/PX (K603),E_00769,1,1
CHHC-W7R-1A-4R1-T5/PX (K603)_1,CHHC-W7R-1A-4R1-T5/PX (K603),E_00770,1,1
CHHC-W7R-1A-4R1-T5/PX (K603)_1,CHHC-W7R-1A-4R1-T5/PX (K603),E_00771,1,1
CHHC-W7R-1A-4R1-T5/PX (K603)_1,CHHC-W7R-1A-4R1-T5/PX (K603),E_00772,1,1
CHHC-W7R-1A-4R1-T5/PX (K603)_1,CHHC-W7R-1A-4R1-T5/PX (K603),E_00773,1,1
CHHC-W7R-1A-4R1-T5/PX (K603)_1,CHHC-W7R-1A-4R1-T5/PX (K603),E_00774,1,1
CHHC-W7R-1A-4R1-T5/PX (K603)_1,CHHC-W7R-1A-4R1-T5/PX (K603),E_01079,1,6.48
CHHC-W7R-1A-4R1-T5/PX (K603)_1,CHHC-W7R-1A-4R1-T5/PX (K603),E_01121,1,5.52
CHHC-W7R-1A-4R1-T5/PX (K603)_1,CHHC-W7R-1A-4R1-T5/PX (K603),EVI_00029,1,9
CHHC-W7R-1A-4R1-T5/PX (K603)_1,CHHC-W7R-1A-4R1-T5/PX (K603),EVI_00057,1,2
CHHC-W7R-1A-4R1-T5/PX (K603)_1,CHHC-W7R-1A-4R1-T5/PX (K603),EVI_00073,1,2
CHHC-W7R-1A-4R1-T5/PX (K603)_1,CHHC-W7R-1A-4R1-T5/PX (K603),EVI_00074,1,2
CHHC-W7R-1A-4R1-T5/PX (K603)_1,CHHC-W7R-1A-4R1-T5/PX (K603),EVI_00115,1,1
CHHC-W7R-1A-4R1-T5/PX (K603)_1,CHHC-W7R-1A-4R1-T5/PX (K603),EVI_00152,1,2
CHHC-W7R-1A-4R1-T5/PX (K603)_1,CHHC-W7R-1A-4R1-T5/PX (K603),EVI_00232,1,1
CHHC-W7R-1A-4R1-T5/PX (K603)_1,CHHC-W7R-1A-4R1-T5/PX (K603),EVI_00246,1,1
CHHC-W7R-1A-4R1-T5/PX (K603)_1,CHHC-W7R-1A-4R1-T5/PX (K603),EVI_00264,1,3
CHHC-W7R-1A-4R1-T5/PX (K603)_1,CHHC-W7R-1A-4R1-T5/PX (K603),EVI_00350,1,1
CHHC-W7R-1A-4R1-T5/PX (K603)_1,CHHC-W7R-1A-4R1-T5/PX (K603),EVI_00390,1,1
CHHC-W7R-1A-4R1-T5/PX (K603)_1,CHHC-W7R-1A-4R1-T5/PX (K603),EVI_00250,1,1
CHHC-W7R-1A-4R1-T5/PX (K603)_1,CHHC-W7R-1A-4R1-T5/PX (K603),EVI_00251,1,1
CHHC-W7R-1A-4R1-T5/PX (K603)_1,CHHC-W7R-1A-4R1-T5/PX (K603),EVI_00254,1,1
CHHC-W7R-1A-4R1-T5/PX (K603)_1,CHHC-W7R-1A-4R1-T5/PX (K603),E_00342,1,0.0183
CHHC-W7R-1A-4R1-T5/PX (K603)_1,CHHC-W7R-1A-4R1-T5/PX (K603),E_06975,1,0.01475
CHHC-W7R-1A-4R1-T5/PX (K603)_1,CHHC-W7R-1A-4R1-T5/PX (K603),E_08025,1,0.19
CHHC-W7R-1A-4R1-T5/PX (K603)_1,CHHC-W7R-1A-4R1-T5/PX (K603),E_08050,1,11.32
CHHC-W7R-1A-4R1-T5/PX (K603)_1,CHHC-W7R-1A-4R1-T5/PX (K603),Mpr_03309,1,0.31
CHHC-W7A-1A-070R2/1B_1,CHHC-W7A-1A-070R2/1B,E_00379,1,0.6
CHHC-W7A-1A-070R2/1B_1,CHHC-W7A-1A-070R2/1B,E_00459,1,5
CHHC-W7A-1A-070R2/1B_1,CHHC-W7A-1A-070R2/1B,E_00463,1,1
CHHC-W7A-1A-070R2/1B_1,CHHC-W7A-1A-070R2/1B,E_00605,1,1
CHHC-W7A-1A-070R2/1B_1,CHHC-W7A-1A-070R2/1B,E_00609,1,1
CHHC-W7A-1A-070R2/1B_1,CHHC-W7A-1A-070R2/1B,E_00735,1,1
CHHC-W7A-1A-070R2/1B_1,CHHC-W7A-1A-070R2/1B,E_01205,1,1
CHHC-W7A-1A-070R2/1B_1,CHHC-W7A-1A-070R2/1B,E_00178,1,1
CHHC-W7A-1A-070R2/1B_1,CHHC-W7A-1A-070R2/1B,E_00266,1,9
CHHC-W7A-1A-070R2/1B_1,CHHC-W7A-1A-070R2/1B,E_00639,1,0.009606
CHHC-W7A-1A-070R2/1B_1,CHHC-W7A-1A-070R2/1B,E_00639,1,0.01406
CHHC-W7A-1A-070R2/1B_1,CHHC-W7A-1A-070R2/1B,EVI_00272,1,3.525
CHHC-W7A-1A-070R2/1B_1,CHHC-W7A-1A-070R2/1B,EVI_00273,1,5
CHHC-W7A-1A-070R2/1B_1,CHHC-W7A-1A-070R2/1B,Maux_32332,1,0.15
CHHC-W7A-1A-070R2/1B_1,CHHC-W7A-1A-070R2/1B,E_00078,1,2
CHHC-W7A-1A-070R2/1B_1,CHHC-W7A-1A-070R2/1B,E_00080,1,0.05
CHHC-W7A-1A-070R2/1B_1,CHHC-W7A-1A-070R2/1B,E_00169,1,5.2
CHHC-W7A-1A-070R2/1B_1,CHHC-W7A-1A-070R2/1B,E_00187,1,0.4
CHHC-W7A-1A-070R2/1B_1,CHHC-W7A-1A-070R2/1B,E_00380,1,3
CHHC-W7A-1A-070R2/1B_1,CHHC-W7A-1A-070R2/1B,E_00381,1,3
CHHC-W7A-1A-070R2/1B_1,CHHC-W7A-1A-070R2/1B,E_00658,1,1
CHHC-W7A-1A-070R2/1B_1,CHHC-W7A-1A-070R2/1B,E_00659,1,1
CHHC-W7A-1A-070R2/1B_1,CHHC-W7A-1A-070R2/1B,E_00660,1,1
CHHC-W7A-1A-070R2/1B_1,CHHC-W7A-1A-070R2/1B,E_00661,1,1
CHHC-W7A-1A-070R2/1B_1,CHHC-W7A-1A-070R2/1B,E_00662,1,1
CHHC-W7A-1A-070R2/1B_1,CHHC-W7A-1A-070R2/1B,E_00663,1,1
CHHC-W7A-1A-070R2/1B_1,CHHC-W7A-1A-070R2/1B,E_00664,1,1
CHHC-W7A-1A-070R2/1B_1,CHHC-W7A-1A-070R2/1B,E_00665,1,1
CHHC-W7A-1A-070R2/1B_1,CHHC-W7A-1A-070R2/1B,E_00667,1,1
CHHC-W7A-1A-070R2/1B_1,CHHC-W7A-1A-070R2/1B,E_00686,1,1
CHHC-W7A-1A-070R2/1B_1,CHHC-W7A-1A-070R2/1B,EVI_00102,1,2
CHHC-W7A-1A-070R2/1B_1,CHHC-W7A-1A-070R2/1B,EVI_00106,1,1
CHHC-W7A-1A-070R2/1B_1,CHHC-W7A-1A-070R2/1B,EVI_00120,1,1
CHHC-W7A-1A-070R2/1B_1,CHHC-W7A-1A-070R2/1B,EVI_00121,1,1
CHHC-W7A-1A-070R2/1B_1,CHHC-W7A-1A-070R2/1B,EVI_00122,1,1
CHHC-W7A-1A-070R2/1B_1,CHHC-W7A-1A-070R2/1B,EVI_00123,1,1
CHHC-W7A-1A-070R2/1B_1,CHHC-W7A-1A-070R2/1B,EVI_00124,1,1
CHHC-W7A-1A-070R2/1B_1,CHHC-W7A-1A-070R2/1B,EVI_00125,1,1
CHHC-W7A-1A-070R2/1B_1,CHHC-W7A-1A-070R2/1B,EVI_00126,1,1
CHHC-W7A-1A-070R2/1B_1,CHHC-W7A-1A-070R2/1B,EVI_00127,1,1
CHHC-W7A-1A-070R2/1B_1,CHHC-W7A-1A-070R2/1B,EVI_00128,1,1
CHHC-W7A-1A-070R2/1B_1,CHHC-W7A-1A-070R2/1B,E_00099,1,6
CHHC-W7A-1A-070R2/1B_1,CHHC-W7A-1A-070R2/1B,E_00100,1,5
CHHC-W7A-1A-070R2/1B_1,CHHC-W7A-1A-070R2/1B,E_00101,1,6
CHHC-W7A-1A-070R2/1B_1,CHHC-W7A-1A-070R2/1B,E_00170,1,1
CHHC-W7A-1A-070R2/1B_1,CHHC-W7A-1A-070R2/1B,E_00205,1,0.1
CHHC-W7A-1A-070R2/1B_1,CHHC-W7A-1A-070R2/1B,E_00205,1,0.12
CHHC-W7A-1A-070R2/1B_1,CHHC-W7A-1A-070R2/1B,E_00224,1,6
CHHC-W7A-1A-070R2/1B_1,CHHC-W7A-1A-070R2/1B,E_00258,1,2
CHHC-W7A-1A-070R2/1B_1,CHHC-W7A-1A-070R2/1B,E_00259,1,1
CHHC-W7A-1A-070R2/1B_1,CHHC-W7A-1A-070R2/1B,E_00531,1,2
CHHC-W7A-1A-070R2/1B_1,CHHC-W7A-1A-070R2/1B,E_00636,1,1
CHHC-W7A-1A-070R2/1B_1,CHHC-W7A-1A-070R2/1B,E_00642,1,2
CHHC-W7A-1A-070R2/1B_1,CHHC-W7A-1A-070R2/1B,E_00646,1,2
CHHC-W7A-1A-070R2/1B_1,CHHC-W7A-1A-070R2/1B,E_00650,1,1
CHHC-W7A-1A-070R2/1B_1,CHHC-W7A-1A-070R2/1B,E_00651,1,4
CHHC-W7A-1A-070R2/1B_1,CHHC-W7A-1A-070R2/1B,E_00748,1,1
CHHC-W7A-1A-070R2/1B_1,CHHC-W7A-1A-070R2/1B,E_04469,1,0.29
CHHC-W7A-1A-070R2/1B_1,CHHC-W7A-1A-070R2/1B,E_31244,1,2
CHHC-W7A-1A-070R2/1B_1,CHHC-W7A-1A-070R2/1B,EVI_00002,1,1
CHHC-W7A-1A-070R2/1B_1,CHHC-W7A-1A-070R2/1B,EVI_00003,1,4
CHHC-W7A-1A-070R2/1B_1,CHHC-W7A-1A-070R2/1B,EVI_00004,1,6
CHHC-W7A-1A-070R2/1B_1,CHHC-W7A-1A-070R2/1B,EVI_00013,1,4
CHHC-W7A-1A-070R2/1B_1,CHHC-W7A-1A-070R2/1B,EVI_00015,1,7
CHHC-W7A-1A-070R2/1B_1,CHHC-W7A-1A-070R2/1B,EVI_00017,1,3
CHHC-W7A-1A-070R2/1B_1,CHHC-W7A-1A-070R2/1B,EVI_00019,1,19
CHHC-W7A-1A-070R2/1B_1,CHHC-W7A-1A-070R2/1B,EVI_00129,1,1
CHHC-W7A-1A-070R2/1B_1,CHHC-W7A-1A-070R2/1B,EVI_00150,1,1
CHHC-W7A-1A-070R2/1B_1,CHHC-W7A-1A-070R2/1B,EVI_00295,1,1
CHHC-W7A-1A-070R2/1B_1,CHHC-W7A-1A-070R2/1B,EVI_00296,1,1
CHHC-W7A-1A-070R2/1B_1,CHHC-W7A-1A-070R2/1B,EVI_00298,1,4
CHHC-W7A-1A-070R2/1B_1,CHHC-W7A-1A-070R2/1B,EVI_00396,1,1
CHHC-W7A-1A-070R2/1B_1,CHHC-W7A-1A-070R2/1B,E_00653,1,1
CHHC-W7A-1A-070R2/1B_1,CHHC-W7A-1A-070R2/1B,EVI_00052,1,1
CHHC-W7A-1A-070R2/1B_1,CHHC-W7A-1A-070R2/1B,EVI_00058,1,2
CHHC-W7A-1A-070R2/1B_1,CHHC-W7A-1A-070R2/1B,EVI_00130,1,2
CHHC-W7A-1A-070R2/1B_1,CHHC-W7A-1A-070R2/1B,EVI_00239,1,1
CHHC-W7A-1A-070R2/1B_1,CHHC-W7A-1A-070R2/1B,EVI_00385,1,2
CHHC-W7A-1A-070R2/1B_1,CHHC-W7A-1A-070R2/1B,EVI_00426,1,2
CHHC-W7A-1A-070R2/1B_1,CHHC-W7A-1A-070R2/1B,EVI_00063,1,1
CHHC-W7A-1A-070R2/1B_1,CHHC-W7A-1A-070R2/1B,EVI_00064,1,1
CHHC-W7A-1A-070R2/1B_1,CHHC-W7A-1A-070R2/1B,E_00188,1,6.1
CHHC-W7A-1A-070R2/1B_1,CHHC-W7A-1A-070R2/1B,E_00326,1,1
CHHC-W7A-1A-070R2/1B_1,CHHC-W7A-1A-070R2/1B,E_00367,1,2
CHHC-W7A-1A-070R2/1B_1,CHHC-W7A-1A-070R2/1B,E_00368,1,1
CHHC-W7A-1A-070R2/1B_1,CHHC-W7A-1A-070R2/1B,E_00548,1,1
CHHC-W7A-1A-070R2/1B_1,CHHC-W7A-1A-070R2/1B,E_00726,1,0.5
CHHC-W7A-1A-070R2/1B_1,CHHC-W7A-1A-070R2/1B,E_01079,1,1.9
CHHC-W7A-1A-070R2/1B_1,CHHC-W7A-1A-070R2/1B,E_01080,1,5.24
CHHC-W7A-1A-070R2/1B_1,CHHC-W7A-1A-070R2/1B,E_01121,1,5.56
CHHC-W7A-1A-070R2/1B_1,CHHC-W7A-1A-070R2/1B,EVI_00029,1,3
CHHC-W7A-1A-070R2/1B_1,CHHC-W7A-1A-070R2/1B,EVI_00030,1,2
CHHC-W7A-1A-070R2/1B_1,CHHC-W7A-1A-070R2/1B,EVI_00057,1,2
CHHC-W7A-1A-070R2/1B_1,CHHC-W7A-1A-070R2/1B,EVI_00073,1,2
CHHC-W7A-1A-070R2/1B_1,CHHC-W7A-1A-070R2/1B,EVI_00074,1,2
CHHC-W7A-1A-070R2/1B_1,CHHC-W7A-1A-070R2/1B,EVI_00152,1,1
CHHC-W7A-1A-070R2/1B_1,CHHC-W7A-1A-070R2/1B,EVI_00232,1,1
CHHC-W7A-1A-070R2/1B_1,CHHC-W7A-1A-070R2/1B,EVI_00246,1,1
CHHC-W7A-1A-070R2/1B_1,CHHC-W7A-1A-070R2/1B,EVI_00264,1,3
CHHC-W7A-1A-070R2/1B_1,CHHC-W7A-1A-070R2/1B,EVI_00291,1,1
CHHC-W7A-1A-070R2/1B_1,CHHC-W7A-1A-070R2/1B,EVI_00364,1,1
CHHC-W7A-1A-070R2/1B_1,CHHC-W7A-1A-070R2/1B,EVI_00390,1,1
CHHC-W7A-1A-070R2/1B_1,CHHC-W7A-1A-070R2/1B,EVI_00251,1,1
CHHC-W7A-1A-070R2/1B_1,CHHC-W7A-1A-070R2/1B,EVI_00254,1,2
CHHC-W7A-1A-070R2/1B_1,CHHC-W7A-1A-070R2/1B,E_00095,1,3.77
CHHC-W7A-1A-070R2/1B_1,CHHC-W7A-1A-070R2/1B,E_00342,1,0.0701
CHHC-W7A-1A-070R2/1B_1,CHHC-W7A-1A-070R2/1B,E_06975,1,0.0218
CHHC-W7A-1A-070R2/1B_1,CHHC-W7A-1A-070R2/1B,E_08025,1,0.09
CHHC-W7A-1A-070R2/1B_1,CHHC-W7A-1A-070R2/1B,E_08050,1,7.81
CHHC-W7A-1A-070R2/1B_1,CHHC-W7A-1A-070R2/1B,Mpr_03309,1,0.12
CHHC-W7R2-2R-5R1-T1/1A_1,CHHC-W7R2-2R-5R1-T1/1A,E_00379,1,0.6
CHHC-W7R2-2R-5R1-T1/1A_1,CHHC-W7R2-2R-5R1-T1/1A,E_00459,1,5.5
CHHC-W7R2-2R-5R1-T1/1A_1,CHHC-W7R2-2R-5R1-T1/1A,E_00463,1,1
CHHC-W7R2-2R-5R1-T1/1A_1,CHHC-W7R2-2R-5R1-T1/1A,E_00605,1,1
CHHC-W7R2-2R-5R1-T1/1A_1,CHHC-W7R2-2R-5R1-T1/1A,E_01205,1,1
CHHC-W7R2-2R-5R1-T1/1A_1,CHHC-W7R2-2R-5R1-T1/1A,E_00609,1,1
CHHC-W7R2-2R-5R1-T1/1A_1,CHHC-W7R2-2R-5R1-T1/1A,E_00753,1,1
CHHC-W7R2-2R-5R1-T1/1A_1,CHHC-W7R2-2R-5R1-T1/1A,E_00178,1,2
CHHC-W7R2-2R-5R1-T1/1A_1,CHHC-W7R2-2R-5R1-T1/1A,E_00266,1,8.1
CHHC-W7R2-2R-5R1-T1/1A_1,CHHC-W7R2-2R-5R1-T1/1A,E_00712,1,0.001644
CHHC-W7R2-2R-5R1-T1/1A_1,CHHC-W7R2-2R-5R1-T1/1A,Maux_32332,1,0.15
CHHC-W7R2-2R-5R1-T1/1A_1,CHHC-W7R2-2R-5R1-T1/1A,E_00078,1,2
CHHC-W7R2-2R-5R1-T1/1A_1,CHHC-W7R2-2R-5R1-T1/1A,E_00080,1,0.05
CHHC-W7R2-2R-5R1-T1/1A_1,CHHC-W7R2-2R-5R1-T1/1A,E_00169,1,4.2
CHHC-W7R2-2R-5R1-T1/1A_1,CHHC-W7R2-2R-5R1-T1/1A,E_00187,1,0.4
CHHC-W7R2-2R-5R1-T1/1A_1,CHHC-W7R2-2R-5R1-T1/1A,E_00380,1,3
CHHC-W7R2-2R-5R1-T1/1A_1,CHHC-W7R2-2R-5R1-T1/1A,E_00381,1,3
CHHC-W7R2-2R-5R1-T1/1A_1,CHHC-W7R2-2R-5R1-T1/1A,E_00658,1,1
CHHC-W7R2-2R-5R1-T1/1A_1,CHHC-W7R2-2R-5R1-T1/1A,E_00659,1,1
CHHC-W7R2-2R-5R1-T1/1A_1,CHHC-W7R2-2R-5R1-T1/1A,E_00660,1,1
CHHC-W7R2-2R-5R1-T1/1A_1,CHHC-W7R2-2R-5R1-T1/1A,E_00661,1,1
CHHC-W7R2-2R-5R1-T1/1A_1,CHHC-W7R2-2R-5R1-T1/1A,E_00662,1,1
CHHC-W7R2-2R-5R1-T1/1A_1,CHHC-W7R2-2R-5R1-T1/1A,E_00663,1,1
CHHC-W7R2-2R-5R1-T1/1A_1,CHHC-W7R2-2R-5R1-T1/1A,E_00664,1,1
CHHC-W7R2-2R-5R1-T1/1A_1,CHHC-W7R2-2R-5R1-T1/1A,E_00667,1,1
CHHC-W7R2-2R-5R1-T1/1A_1,CHHC-W7R2-2R-5R1-T1/1A,E_00686,1,1
CHHC-W7R2-2R-5R1-T1/1A_1,CHHC-W7R2-2R-5R1-T1/1A,EVI_00102,1,2
CHHC-W7R2-2R-5R1-T1/1A_1,CHHC-W7R2-2R-5R1-T1/1A,EVI_00106,1,1
CHHC-W7R2-2R-5R1-T1/1A_1,CHHC-W7R2-2R-5R1-T1/1A,EVI_00120,1,1
CHHC-W7R2-2R-5R1-T1/1A_1,CHHC-W7R2-2R-5R1-T1/1A,EVI_00121,1,1
CHHC-W7R2-2R-5R1-T1/1A_1,CHHC-W7R2-2R-5R1-T1/1A,EVI_00122,1,1
CHHC-W7R2-2R-5R1-T1/1A_1,CHHC-W7R2-2R-5R1-T1/1A,EVI_00123,1,1
CHHC-W7R2-2R-5R1-T1/1A_1,CHHC-W7R2-2R-5R1-T1/1A,EVI_00124,1,1
CHHC-W7R2-2R-5R1-T1/1A_1,CHHC-W7R2-2R-5R1-T1/1A,EVI_00125,1,1
CHHC-W7R2-2R-5R1-T1/1A_1,CHHC-W7R2-2R-5R1-T1/1A,EVI_00126,1,1
CHHC-W7R2-2R-5R1-T1/1A_1,CHHC-W7R2-2R-5R1-T1/1A,EVI_00127,1,1
CHHC-W7R2-2R-5R1-T1/1A_1,CHHC-W7R2-2R-5R1-T1/1A,EVI_00128,1,1
CHHC-W7R2-2R-5R1-T1/1A_1,CHHC-W7R2-2R-5R1-T1/1A,E_00146,1,3
CHHC-W7R2-2R-5R1-T1/1A_1,CHHC-W7R2-2R-5R1-T1/1A,E_00205,1,0.1
CHHC-W7R2-2R-5R1-T1/1A_1,CHHC-W7R2-2R-5R1-T1/1A,E_00224,1,4
CHHC-W7R2-2R-5R1-T1/1A_1,CHHC-W7R2-2R-5R1-T1/1A,E_00259,1,1
CHHC-W7R2-2R-5R1-T1/1A_1,CHHC-W7R2-2R-5R1-T1/1A,E_00570,1,1
CHHC-W7R2-2R-5R1-T1/1A_1,CHHC-W7R2-2R-5R1-T1/1A,E_00642,1,4
CHHC-W7R2-2R-5R1-T1/1A_1,CHHC-W7R2-2R-5R1-T1/1A,E_00646,1,2
CHHC-W7R2-2R-5R1-T1/1A_1,CHHC-W7R2-2R-5R1-T1/1A,E_00650,1,1
CHHC-W7R2-2R-5R1-T1/1A_1,CHHC-W7R2-2R-5R1-T1/1A,E_00684,1,2
CHHC-W7R2-2R-5R1-T1/1A_1,CHHC-W7R2-2R-5R1-T1/1A,E_00685,1,4
CHHC-W7R2-2R-5R1-T1/1A_1,CHHC-W7R2-2R-5R1-T1/1A,E_00727,1,2
CHHC-W7R2-2R-5R1-T1/1A_1,CHHC-W7R2-2R-5R1-T1/1A,E_00741,1,2
CHHC-W7R2-2R-5R1-T1/1A_1,CHHC-W7R2-2R-5R1-T1/1A,E_00744,1,8
CHHC-W7R2-2R-5R1-T1/1A_1,CHHC-W7R2-2R-5R1-T1/1A,E_00745,1,4
CHHC-W7R2-2R-5R1-T1/1A_1,CHHC-W7R2-2R-5R1-T1/1A,E_00778,1,1
CHHC-W7R2-2R-5R1-T1/1A_1,CHHC-W7R2-2R-5R1-T1/1A,E_00786,1,1
CHHC-W7R2-2R-5R1-T1/1A_1,CHHC-W7R2-2R-5R1-T1/1A,E_04469,1,0.34
CHHC-W7R2-2R-5R1-T1/1A_1,CHHC-W7R2-2R-5R1-T1/1A,E_04469,1,0.29
CHHC-W7R2-2R-5R1-T1/1A_1,CHHC-W7R2-2R-5R1-T1/1A,EVI_00003,1,5
CHHC-W7R2-2R-5R1-T1/1A_1,CHHC-W7R2-2R-5R1-T1/1A,EVI_00004,1,6
CHHC-W7R2-2R-5R1-T1/1A_1,CHHC-W7R2-2R-5R1-T1/1A,EVI_00013,1,2
CHHC-W7R2-2R-5R1-T1/1A_1,CHHC-W7R2-2R-5R1-T1/1A,EVI_00015,1,6
CHHC-W7R2-2R-5R1-T1/1A_1,CHHC-W7R2-2R-5R1-T1/1A,EVI_00017,1,4
CHHC-W7R2-2R-5R1-T1/1A_1,CHHC-W7R2-2R-5R1-T1/1A,EVI_00019,1,16
CHHC-W7R2-2R-5R1-T1/1A_1,CHHC-W7R2-2R-5R1-T1/1A,EVI_00020,1,4
CHHC-W7R2-2R-5R1-T1/1A_1,CHHC-W7R2-2R-5R1-T1/1A,EVI_00129,1,1
CHHC-W7R2-2R-5R1-T1/1A_1,CHHC-W7R2-2R-5R1-T1/1A,EVI_00295,1,1
CHHC-W7R2-2R-5R1-T1/1A_1,CHHC-W7R2-2R-5R1-T1/1A,EVI_00396,1,1
CHHC-W7R2-2R-5R1-T1/1A_1,CHHC-W7R2-2R-5R1-T1/1A,Mpr_02641,1,0.05
CHHC-W7R2-2R-5R1-T1/1A_1,CHHC-W7R2-2R-5R1-T1/1A,E_00653,1,1
CHHC-W7R2-2R-5R1-T1/1A_1,CHHC-W7R2-2R-5R1-T1/1A,EVI_00058,1,2
CHHC-W7R2-2R-5R1-T1/1A_1,CHHC-W7R2-2R-5R1-T1/1A,EVI_00130,1,2
CHHC-W7R2-2R-5R1-T1/1A_1,CHHC-W7R2-2R-5R1-T1/1A,EVI_00239,1,1
CHHC-W7R2-2R-5R1-T1/1A_1,CHHC-W7R2-2R-5R1-T1/1A,EVI_00385,1,2
CHHC-W7R2-2R-5R1-T1/1A_1,CHHC-W7R2-2R-5R1-T1/1A,EVI_00426,1,2
CHHC-W7R2-2R-5R1-T1/1A_1,CHHC-W7R2-2R-5R1-T1/1A,EVI_00063,1,1
CHHC-W7R2-2R-5R1-T1/1A_1,CHHC-W7R2-2R-5R1-T1/1A,EVI_00064,1,1
CHHC-W7R2-2R-5R1-T1/1A_1,CHHC-W7R2-2R-5R1-T1/1A,E_00188,1,1.35
CHHC-W7R2-2R-5R1-T1/1A_1,CHHC-W7R2-2R-5R1-T1/1A,E_00326,1,1
CHHC-W7R2-2R-5R1-T1/1A_1,CHHC-W7R2-2R-5R1-T1/1A,E_00367,1,2
CHHC-W7R2-2R-5R1-T1/1A_1,CHHC-W7R2-2R-5R1-T1/1A,E_00368,1,1
CHHC-W7R2-2R-5R1-T1/1A_1,CHHC-W7R2-2R-5R1-T1/1A,E_00726,1,1.4
CHHC-W7R2-2R-5R1-T1/1A_1,CHHC-W7R2-2R-5R1-T1/1A,E_00750,1,0.25
CHHC-W7R2-2R-5R1-T1/1A_1,CHHC-W7R2-2R-5R1-T1/1A,E_00751,1,2.69
CHHC-W7R2-2R-5R1-T1/1A_1,CHHC-W7R2-2R-5R1-T1/1A,E_00761,1,1
CHHC-W7R2-2R-5R1-T1/1A_1,CHHC-W7R2-2R-5R1-T1/1A,E_00762,1,2
CHHC-W7R2-2R-5R1-T1/1A_1,CHHC-W7R2-2R-5R1-T1/1A,E_00763,1,1
CHHC-W7R2-2R-5R1-T1/1A_1,CHHC-W7R2-2R-5R1-T1/1A,E_00764,1,2
CHHC-W7R2-2R-5R1-T1/1A_1,CHHC-W7R2-2R-5R1-T1/1A,E_00765,1,1
CHHC-W7R2-2R-5R1-T1/1A_1,CHHC-W7R2-2R-5R1-T1/1A,E_00766,1,1
CHHC-W7R2-2R-5R1-T1/1A_1,CHHC-W7R2-2R-5R1-T1/1A,E_00767,1,1
CHHC-W7R2-2R-5R1-T1/1A_1,CHHC-W7R2-2R-5R1-T1/1A,E_00768,1,1
CHHC-W7R2-2R-5R1-T1/1A_1,CHHC-W7R2-2R-5R1-T1/1A,E_00769,1,1
CHHC-W7R2-2R-5R1-T1/1A_1,CHHC-W7R2-2R-5R1-T1/1A,E_00770,1,1
CHHC-W7R2-2R-5R1-T1/1A_1,CHHC-W7R2-2R-5R1-T1/1A,E_00771,1,1
CHHC-W7R2-2R-5R1-T1/1A_1,CHHC-W7R2-2R-5R1-T1/1A,E_00772,1,1
CHHC-W7R2-2R-5R1-T1/1A_1,CHHC-W7R2-2R-5R1-T1/1A,E_00773,1,1
CHHC-W7R2-2R-5R1-T1/1A_1,CHHC-W7R2-2R-5R1-T1/1A,E_00774,1,1
CHHC-W7R2-2R-5R1-T1/1A_1,CHHC-W7R2-2R-5R1-T1/1A,E_01079,1,5.78
CHHC-W7R2-2R-5R1-T1/1A_1,CHHC-W7R2-2R-5R1-T1/1A,E_01121,1,2.97
CHHC-W7R2-2R-5R1-T1/1A_1,CHHC-W7R2-2R-5R1-T1/1A,EVI_00029,1,5
CHHC-W7R2-2R-5R1-T1/1A_1,CHHC-W7R2-2R-5R1-T1/1A,EVI_00057,1,2
CHHC-W7R2-2R-5R1-T1/1A_1,CHHC-W7R2-2R-5R1-T1/1A,EVI_00073,1,2
CHHC-W7R2-2R-5R1-T1/1A_1,CHHC-W7R2-2R-5R1-T1/1A,EVI_00074,1,2
CHHC-W7R2-2R-5R1-T1/1A_1,CHHC-W7R2-2R-5R1-T1/1A,EVI_00152,1,2
CHHC-W7R2-2R-5R1-T1/1A_1,CHHC-W7R2-2R-5R1-T1/1A,EVI_00246,1,1
CHHC-W7R2-2R-5R1-T1/1A_1,CHHC-W7R2-2R-5R1-T1/1A,EVI_00264,1,3
CHHC-W7R2-2R-5R1-T1/1A_1,CHHC-W7R2-2R-5R1-T1/1A,EVI_00291,1,1
CHHC-W7R2-2R-5R1-T1/1A_1,CHHC-W7R2-2R-5R1-T1/1A,EVI_00350,1,1
CHHC-W7R2-2R-5R1-T1/1A_1,CHHC-W7R2-2R-5R1-T1/1A,EVI_00416,1,1
CHHC-W7R2-2R-5R1-T1/1A_1,CHHC-W7R2-2R-5R1-T1/1A,EVI_00244,1,1
CHHC-W7R2-2R-5R1-T1/1A_1,CHHC-W7R2-2R-5R1-T1/1A,EVI_00248,1,1
CHHC-W7R2-2R-5R1-T1/1A_1,CHHC-W7R2-2R-5R1-T1/1A,EVI_00254,1,2
CHHC-W7R2-2R-5R1-T1/1A_1,CHHC-W7R2-2R-5R1-T1/1A,E_00342,1,0.066
CHHC-W7R2-2R-5R1-T1/1A_1,CHHC-W7R2-2R-5R1-T1/1A,E_06975,1,0.019
CHHC-W7R2-2R-5R1-T1/1A_1,CHHC-W7R2-2R-5R1-T1/1A,E_08025,1,1.88
CHHC-W7R2-2R-5R1-T1/1A_1,CHHC-W7R2-2R-5R1-T1/1A,E_08050,1,8.44
CHHC-W7R2-2R-5R1-T1/1A_1,CHHC-W7R2-2R-5R1-T1/1A,Mpr_03309,1,0.35
CHHC-W7R2-1A-7R-T5/PX (K603)_1,CHHC-W7R2-1A-7R-T5/PX (K603),E_00379,1,0.6
CHHC-W7R2-1A-7R-T5/PX (K603)_1,CHHC-W7R2-1A-7R-T5/PX (K603),E_00459,1,5.5
CHHC-W7R2-1A-7R-T5/PX (K603)_1,CHHC-W7R2-1A-7R-T5/PX (K603),E_00463,1,1
CHHC-W7R2-1A-7R-T5/PX (K603)_1,CHHC-W7R2-1A-7R-T5/PX (K603),E_00605,1,1
CHHC-W7R2-1A-7R-T5/PX (K603)_1,CHHC-W7R2-1A-7R-T5/PX (K603),E_00609,1,1
CHHC-W7R2-1A-7R-T5/PX (K603)_1,CHHC-W7R2-1A-7R-T5/PX (K603),E_00753,1,1
CHHC-W7R2-1A-7R-T5/PX (K603)_1,CHHC-W7R2-1A-7R-T5/PX (K603),E_00178,1,1
CHHC-W7R2-1A-7R-T5/PX (K603)_1,CHHC-W7R2-1A-7R-T5/PX (K603),E_00266,1,8.1
CHHC-W7R2-1A-7R-T5/PX (K603)_1,CHHC-W7R2-1A-7R-T5/PX (K603),E_00712,1,0.002342
CHHC-W7R2-1A-7R-T5/PX (K603)_1,CHHC-W7R2-1A-7R-T5/PX (K603),E_00712,1,0.001644
CHHC-W7R2-1A-7R-T5/PX (K603)_1,CHHC-W7R2-1A-7R-T5/PX (K603),Maux_32332,1,0.15
CHHC-W7R2-1A-7R-T5/PX (K603)_1,CHHC-W7R2-1A-7R-T5/PX (K603),E_00078,1,5.6
CHHC-W7R2-1A-7R-T5/PX (K603)_1,CHHC-W7R2-1A-7R-T5/PX (K603),E_00080,1,0.05
CHHC-W7R2-1A-7R-T5/PX (K603)_1,CHHC-W7R2-1A-7R-T5/PX (K603),E_00169,1,4.2
CHHC-W7R2-1A-7R-T5/PX (K603)_1,CHHC-W7R2-1A-7R-T5/PX (K603),E_00187,1,0.4
CHHC-W7R2-1A-7R-T5/PX (K603)_1,CHHC-W7R2-1A-7R-T5/PX (K603),E_00380,1,3
CHHC-W7R2-1A-7R-T5/PX (K603)_1,CHHC-W7R2-1A-7R-T5/PX (K603),E_00381,1,3
CHHC-W7R2-1A-7R-T5/PX (K603)_1,CHHC-W7R2-1A-7R-T5/PX (K603),E_00658,1,1
CHHC-W7R2-1A-7R-T5/PX (K603)_1,CHHC-W7R2-1A-7R-T5/PX (K603),E_00659,1,1
CHHC-W7R2-1A-7R-T5/PX (K603)_1,CHHC-W7R2-1A-7R-T5/PX (K603),E_00660,1,1
CHHC-W7R2-1A-7R-T5/PX (K603)_1,CHHC-W7R2-1A-7R-T5/PX (K603),E_00661,1,1
CHHC-W7R2-1A-7R-T5/PX (K603)_1,CHHC-W7R2-1A-7R-T5/PX (K603),E_00662,1,1
CHHC-W7R2-1A-7R-T5/PX (K603)_1,CHHC-W7R2-1A-7R-T5/PX (K603),E_00663,1,1
CHHC-W7R2-1A-7R-T5/PX (K603)_1,CHHC-W7R2-1A-7R-T5/PX (K603),E_00664,1,1
CHHC-W7R2-1A-7R-T5/PX (K603)_1,CHHC-W7R2-1A-7R-T5/PX (K603),E_00665,1,1
CHHC-W7R2-1A-7R-T5/PX (K603)_1,CHHC-W7R2-1A-7R-T5/PX (K603),E_00667,1,1
CHHC-W7R2-1A-7R-T5/PX (K603)_1,CHHC-W7R2-1A-7R-T5/PX (K603),E_00686,1,1
CHHC-W7R2-1A-7R-T5/PX (K603)_1,CHHC-W7R2-1A-7R-T5/PX (K603),EVI_00102,1,6
CHHC-W7R2-1A-7R-T5/PX (K603)_1,CHHC-W7R2-1A-7R-T5/PX (K603),EVI_00106,1,1
CHHC-W7R2-1A-7R-T5/PX (K603)_1,CHHC-W7R2-1A-7R-T5/PX (K603),EVI_00116,1,1
CHHC-W7R2-1A-7R-T5/PX (K603)_1,CHHC-W7R2-1A-7R-T5/PX (K603),EVI_00120,1,1
CHHC-W7R2-1A-7R-T5/PX (K603)_1,CHHC-W7R2-1A-7R-T5/PX (K603),EVI_00121,1,1
CHHC-W7R2-1A-7R-T5/PX (K603)_1,CHHC-W7R2-1A-7R-T5/PX (K603),EVI_00122,1,1
CHHC-W7R2-1A-7R-T5/PX (K603)_1,CHHC-W7R2-1A-7R-T5/PX (K603),EVI_00123,1,1
CHHC-W7R2-1A-7R-T5/PX (K603)_1,CHHC-W7R2-1A-7R-T5/PX (K603),EVI_00124,1,1
CHHC-W7R2-1A-7R-T5/PX (K603)_1,CHHC-W7R2-1A-7R-T5/PX (K603),EVI_00125,1,1
CHHC-W7R2-1A-7R-T5/PX (K603)_1,CHHC-W7R2-1A-7R-T5/PX (K603),EVI_00126,1,1
CHHC-W7R2-1A-7R-T5/PX (K603)_1,CHHC-W7R2-1A-7R-T5/PX (K603),EVI_00127,1,1
CHHC-W7R2-1A-7R-T5/PX (K603)_1,CHHC-W7R2-1A-7R-T5/PX (K603),EVI_00128,1,1
CHHC-W7R2-1A-7R-T5/PX (K603)_1,CHHC-W7R2-1A-7R-T5/PX (K603),E_00146,1,8
CHHC-W7R2-1A-7R-T5/PX (K603)_1,CHHC-W7R2-1A-7R-T5/PX (K603),E_00205,1,0.1
CHHC-W7R2-1A-7R-T5/PX (K603)_1,CHHC-W7R2-1A-7R-T5/PX (K603),E_00224,1,4
CHHC-W7R2-1A-7R-T5/PX (K603)_1,CHHC-W7R2-1A-7R-T5/PX (K603),E_00259,1,1
CHHC-W7R2-1A-7R-T5/PX (K603)_1,CHHC-W7R2-1A-7R-T5/PX (K603),E_00327,1,1
CHHC-W7R2-1A-7R-T5/PX (K603)_1,CHHC-W7R2-1A-7R-T5/PX (K603),E_00570,1,1
CHHC-W7R2-1A-7R-T5/PX (K603)_1,CHHC-W7R2-1A-7R-T5/PX (K603),E_00642,1,4
CHHC-W7R2-1A-7R-T5/PX (K603)_1,CHHC-W7R2-1A-7R-T5/PX (K603),E_00646,1,2
CHHC-W7R2-1A-7R-T5/PX (K603)_1,CHHC-W7R2-1A-7R-T5/PX (K603),E_00650,1,1
CHHC-W7R2-1A-7R-T5/PX (K603)_1,CHHC-W7R2-1A-7R-T5/PX (K603),E_00684,1,3
CHHC-W7R2-1A-7R-T5/PX (K603)_1,CHHC-W7R2-1A-7R-T5/PX (K603),E_00685,1,7
CHHC-W7R2-1A-7R-T5/PX (K603)_1,CHHC-W7R2-1A-7R-T5/PX (K603),E_00727,1,6
CHHC-W7R2-1A-7R-T5/PX (K603)_1,CHHC-W7R2-1A-7R-T5/PX (K603),E_00741,1,4
CHHC-W7R2-1A-7R-T5/PX (K603)_1,CHHC-W7R2-1A-7R-T5/PX (K603),E_00744,1,14
CHHC-W7R2-1A-7R-T5/PX (K603)_1,CHHC-W7R2-1A-7R-T5/PX (K603),E_00745,1,8
CHHC-W7R2-1A-7R-T5/PX (K603)_1,CHHC-W7R2-1A-7R-T5/PX (K603),E_00746,1,2
CHHC-W7R2-1A-7R-T5/PX (K603)_1,CHHC-W7R2-1A-7R-T5/PX (K603),E_00748,1,1
CHHC-W7R2-1A-7R-T5/PX (K603)_1,CHHC-W7R2-1A-7R-T5/PX (K603),E_00778,1,1
CHHC-W7R2-1A-7R-T5/PX (K603)_1,CHHC-W7R2-1A-7R-T5/PX (K603),E_04469,1,0.34
CHHC-W7R2-1A-7R-T5/PX (K603)_1,CHHC-W7R2-1A-7R-T5/PX (K603),E_04469,1,0.29
CHHC-W7R2-1A-7R-T5/PX (K603)_1,CHHC-W7R2-1A-7R-T5/PX (K603),E_06975,1,0.02795
CHHC-W7R2-1A-7R-T5/PX (K603)_1,CHHC-W7R2-1A-7R-T5/PX (K603),E_31244,1,2
CHHC-W7R2-1A-7R-T5/PX (K603)_1,CHHC-W7R2-1A-7R-T5/PX (K603),E_31247,1,1
CHHC-W7R2-1A-7R-T5/PX (K603)_1,CHHC-W7R2-1A-7R-T5/PX (K603),EVI_00002,1,1
CHHC-W7R2-1A-7R-T5/PX (K603)_1,CHHC-W7R2-1A-7R-T5/PX (K603),EVI_00003,1,9
CHHC-W7R2-1A-7R-T5/PX (K603)_1,CHHC-W7R2-1A-7R-T5/PX (K603),EVI_00004,1,2
CHHC-W7R2-1A-7R-T5/PX (K603)_1,CHHC-W7R2-1A-7R-T5/PX (K603),EVI_00013,1,2
CHHC-W7R2-1A-7R-T5/PX (K603)_1,CHHC-W7R2-1A-7R-T5/PX (K603),EVI_00015,1,2
CHHC-W7R2-1A-7R-T5/PX (K603)_1,CHHC-W7R2-1A-7R-T5/PX (K603),EVI_00017,1,3
CHHC-W7R2-1A-7R-T5/PX (K603)_1,CHHC-W7R2-1A-7R-T5/PX (K603),EVI_00019,1,9
CHHC-W7R2-1A-7R-T5/PX (K603)_1,CHHC-W7R2-1A-7R-T5/PX (K603),EVI_00020,1,4
CHHC-W7R2-1A-7R-T5/PX (K603)_1,CHHC-W7R2-1A-7R-T5/PX (K603),EVI_00129,1,1
CHHC-W7R2-1A-7R-T5/PX (K603)_1,CHHC-W7R2-1A-7R-T5/PX (K603),EVI_00295,1,1
CHHC-W7R2-1A-7R-T5/PX (K603)_1,CHHC-W7R2-1A-7R-T5/PX (K603),EVI_00296,1,1
CHHC-W7R2-1A-7R-T5/PX (K603)_1,CHHC-W7R2-1A-7R-T5/PX (K603),EVI_00396,1,1
CHHC-W7R2-1A-7R-T5/PX (K603)_1,CHHC-W7R2-1A-7R-T5/PX (K603),Mpr_02641,1,0.05
CHHC-W7R2-1A-7R-T5/PX (K603)_1,CHHC-W7R2-1A-7R-T5/PX (K603),E_00653,1,1
CHHC-W7R2-1A-7R-T5/PX (K603)_1,CHHC-W7R2-1A-7R-T5/PX (K603),EVI_00058,1,2
CHHC-W7R2-1A-7R-T5/PX (K603)_1,CHHC-W7R2-1A-7R-T5/PX (K603),EVI_00130,1,2
CHHC-W7R2-1A-7R-T5/PX (K603)_1,CHHC-W7R2-1A-7R-T5/PX (K603),EVI_00239,1,1
CHHC-W7R2-1A-7R-T5/PX (K603)_1,CHHC-W7R2-1A-7R-T5/PX (K603),EVI_00385,1,2
CHHC-W7R2-1A-7R-T5/PX (K603)_1,CHHC-W7R2-1A-7R-T5/PX (K603),EVI_00424,1,1
CHHC-W7R2-1A-7R-T5/PX (K603)_1,CHHC-W7R2-1A-7R-T5/PX (K603),EVI_00426,1,2
CHHC-W7R2-1A-7R-T5/PX (K603)_1,CHHC-W7R2-1A-7R-T5/PX (K603),EVI_00428,1,1
CHHC-W7R2-1A-7R-T5/PX (K603)_1,CHHC-W7R2-1A-7R-T5/PX (K603),EVI_00430,1,1
CHHC-W7R2-1A-7R-T5/PX (K603)_1,CHHC-W7R2-1A-7R-T5/PX (K603),E_00188,1,5.2
CHHC-W7R2-1A-7R-T5/PX (K603)_1,CHHC-W7R2-1A-7R-T5/PX (K603),E_00326,1,1
CHHC-W7R2-1A-7R-T5/PX (K603)_1,CHHC-W7R2-1A-7R-T5/PX (K603),E_00367,1,2
CHHC-W7R2-1A-7R-T5/PX (K603)_1,CHHC-W7R2-1A-7R-T5/PX (K603),E_00368,1,1
CHHC-W7R2-1A-7R-T5/PX (K603)_1,CHHC-W7R2-1A-7R-T5/PX (K603),E_00548,1,0.35
CHHC-W7R2-1A-7R-T5/PX (K603)_1,CHHC-W7R2-1A-7R-T5/PX (K603),E_00726,1,1.4
CHHC-W7R2-1A-7R-T5/PX (K603)_1,CHHC-W7R2-1A-7R-T5/PX (K603),E_00750,1,5.65
CHHC-W7R2-1A-7R-T5/PX (K603)_1,CHHC-W7R2-1A-7R-T5/PX (K603),E_00751,1,3
CHHC-W7R2-1A-7R-T5/PX (K603)_1,CHHC-W7R2-1A-7R-T5/PX (K603),E_01079,1,1.65
CHHC-W7R2-1A-7R-T5/PX (K603)_1,CHHC-W7R2-1A-7R-T5/PX (K603),E_01080,1,0.2
CHHC-W7R2-1A-7R-T5/PX (K603)_1,CHHC-W7R2-1A-7R-T5/PX (K603),E_01121,1,3.3
CHHC-W7R2-1A-7R-T5/PX (K603)_1,CHHC-W7R2-1A-7R-T5/PX (K603),EVI_00029,1,9
CHHC-W7R2-1A-7R-T5/PX (K603)_1,CHHC-W7R2-1A-7R-T5/PX (K603),EVI_00057,1,2
CHHC-W7R2-1A-7R-T5/PX (K603)_1,CHHC-W7R2-1A-7R-T5/PX (K603),EVI_00073,1,2
CHHC-W7R2-1A-7R-T5/PX (K603)_1,CHHC-W7R2-1A-7R-T5/PX (K603),EVI_00074,1,2
CHHC-W7R2-1A-7R-T5/PX (K603)_1,CHHC-W7R2-1A-7R-T5/PX (K603),EVI_00115,1,1
CHHC-W7R2-1A-7R-T5/PX (K603)_1,CHHC-W7R2-1A-7R-T5/PX (K603),EVI_00152,1,1
CHHC-W7R2-1A-7R-T5/PX (K603)_1,CHHC-W7R2-1A-7R-T5/PX (K603),EVI_00246,1,1
CHHC-W7R2-1A-7R-T5/PX (K603)_1,CHHC-W7R2-1A-7R-T5/PX (K603),EVI_00264,1,3
CHHC-W7R2-1A-7R-T5/PX (K603)_1,CHHC-W7R2-1A-7R-T5/PX (K603),EVI_00291,1,2
CHHC-W7R2-1A-7R-T5/PX (K603)_1,CHHC-W7R2-1A-7R-T5/PX (K603),EVI_00364,1,1
CHHC-W7R2-1A-7R-T5/PX (K603)_1,CHHC-W7R2-1A-7R-T5/PX (K603),EVI_00416,1,1
CHHC-W7R2-1A-7R-T5/PX (K603)_1,CHHC-W7R2-1A-7R-T5/PX (K603),EVI_00251,1,1
CHHC-W7R2-1A-7R-T5/PX (K603)_1,CHHC-W7R2-1A-7R-T5/PX (K603),EVI_00254,1,2
CHHC-W7R2-1A-7R-T5/PX (K603)_1,CHHC-W7R2-1A-7R-T5/PX (K603),E_00342,1,0.1232
CHHC-W7R2-1A-7R-T5/PX (K603)_1,CHHC-W7R2-1A-7R-T5/PX (K603),E_08025,1,5.33
CHHC-W7R2-1A-7R-T5/PX (K603)_1,CHHC-W7R2-1A-7R-T5/PX (K603),E_08050,1,4.66
CHHC-W7R2-1A-7R-T5/PX (K603)_1,CHHC-W7R2-1A-7R-T5/PX (K603),Mpr_03309,1,0.35
CHHC-W7R2-6R-4B2/1A_1,CHHC-W7R2-6R-4B2/1A,E_00379,1,0.6
CHHC-W7R2-6R-4B2/1A_1,CHHC-W7R2-6R-4B2/1A,E_00459,1,5.5
CHHC-W7R2-6R-4B2/1A_1,CHHC-W7R2-6R-4B2/1A,E_00463,1,1
CHHC-W7R2-6R-4B2/1A_1,CHHC-W7R2-6R-4B2/1A,E_00549,1,1
CHHC-W7R2-6R-4B2/1A_1,CHHC-W7R2-6R-4B2/1A,E_00605,1,1
CHHC-W7R2-6R-4B2/1A_1,CHHC-W7R2-6R-4B2/1A,E_00610,1,1
CHHC-W7R2-6R-4B2/1A_1,CHHC-W7R2-6R-4B2/1A,E_00071,1,0.0625
CHHC-W7R2-6R-4B2/1A_1,CHHC-W7R2-6R-4B2/1A,E_00071,1,0.265
CHHC-W7R2-6R-4B2/1A_1,CHHC-W7R2-6R-4B2/1A,E_00178,1,2
CHHC-W7R2-6R-4B2/1A_1,CHHC-W7R2-6R-4B2/1A,E_00266,1,9
CHHC-W7R2-6R-4B2/1A_1,CHHC-W7R2-6R-4B2/1A,E_00434,1,3
CHHC-W7R2-6R-4B2/1A_1,CHHC-W7R2-6R-4B2/1A,E_00712,1,0.001644
CHHC-W7R2-6R-4B2/1A_1,CHHC-W7R2-6R-4B2/1A,E_00712,1,0.002342
CHHC-W7R2-6R-4B2/1A_1,CHHC-W7R2-6R-4B2/1A,E_00798,1,4
CHHC-W7R2-6R-4B2/1A_1,CHHC-W7R2-6R-4B2/1A,EVI_00272,1,1.41
CHHC-W7R2-6R-4B2/1A_1,CHHC-W7R2-6R-4B2/1A,EVI_00273,1,2
CHHC-W7R2-6R-4B2/1A_1,CHHC-W7R2-6R-4B2/1A,Maux_32332,1,0.15
CHHC-W7R2-6R-4B2/1A_1,CHHC-W7R2-6R-4B2/1A,E_00078,1,8.95
CHHC-W7R2-6R-4B2/1A_1,CHHC-W7R2-6R-4B2/1A,E_00169,1,5.2
CHHC-W7R2-6R-4B2/1A_1,CHHC-W7R2-6R-4B2/1A,E_00278,1,1
CHHC-W7R2-6R-4B2/1A_1,CHHC-W7R2-6R-4B2/1A,E_00376,1,1
CHHC-W7R2-6R-4B2/1A_1,CHHC-W7R2-6R-4B2/1A,E_00380,1,3
CHHC-W7R2-6R-4B2/1A_1,CHHC-W7R2-6R-4B2/1A,E_00381,1,3
CHHC-W7R2-6R-4B2/1A_1,CHHC-W7R2-6R-4B2/1A,E_00411,1,2
CHHC-W7R2-6R-4B2/1A_1,CHHC-W7R2-6R-4B2/1A,E_00412,1,2
CHHC-W7R2-6R-4B2/1A_1,CHHC-W7R2-6R-4B2/1A,E_00413,1,3
CHHC-W7R2-6R-4B2/1A_1,CHHC-W7R2-6R-4B2/1A,E_00442,1,2
CHHC-W7R2-6R-4B2/1A_1,CHHC-W7R2-6R-4B2/1A,E_00443,1,1
CHHC-W7R2-6R-4B2/1A_1,CHHC-W7R2-6R-4B2/1A,E_00444,1,1
CHHC-W7R2-6R-4B2/1A_1,CHHC-W7R2-6R-4B2/1A,E_00446,1,1
CHHC-W7R2-6R-4B2/1A_1,CHHC-W7R2-6R-4B2/1A,E_00686,1,1
CHHC-W7R2-6R-4B2/1A_1,CHHC-W7R2-6R-4B2/1A,EVI_00102,1,9
CHHC-W7R2-6R-4B2/1A_1,CHHC-W7R2-6R-4B2/1A,EVI_00106,1,1
CHHC-W7R2-6R-4B2/1A_1,CHHC-W7R2-6R-4B2/1A,EVI_00120,1,2
CHHC-W7R2-6R-4B2/1A_1,CHHC-W7R2-6R-4B2/1A,EVI_00121,1,2
CHHC-W7R2-6R-4B2/1A_1,CHHC-W7R2-6R-4B2/1A,EVI_00122,1,2
CHHC-W7R2-6R-4B2/1A_1,CHHC-W7R2-6R-4B2/1A,EVI_00123,1,2
CHHC-W7R2-6R-4B2/1A_1,CHHC-W7R2-6R-4B2/1A,EVI_00124,1,2
CHHC-W7R2-6R-4B2/1A_1,CHHC-W7R2-6R-4B2/1A,EVI_00125,1,1
CHHC-W7R2-6R-4B2/1A_1,CHHC-W7R2-6R-4B2/1A,EVI_00126,1,2
CHHC-W7R2-6R-4B2/1A_1,CHHC-W7R2-6R-4B2/1A,EVI_00127,1,2
CHHC-W7R2-6R-4B2/1A_1,CHHC-W7R2-6R-4B2/1A,EVI_00128,1,2
CHHC-W7R2-6R-4B2/1A_1,CHHC-W7R2-6R-4B2/1A,E_00098,1,3
CHHC-W7R2-6R-4B2/1A_1,CHHC-W7R2-6R-4B2/1A,E_00099,1,11
CHHC-W7R2-6R-4B2/1A_1,CHHC-W7R2-6R-4B2/1A,E_00100,1,8
CHHC-W7R2-6R-4B2/1A_1,CHHC-W7R2-6R-4B2/1A,E_00101,1,3
CHHC-W7R2-6R-4B2/1A_1,CHHC-W7R2-6R-4B2/1A,E_00122,1,1
CHHC-W7R2-6R-4B2/1A_1,CHHC-W7R2-6R-4B2/1A,E_00170,1,2
CHHC-W7R2-6R-4B2/1A_1,CHHC-W7R2-6R-4B2/1A,E_00186,1,7
CHHC-W7R2-6R-4B2/1A_1,CHHC-W7R2-6R-4B2/1A,E_00205,1,0.1
CHHC-W7R2-6R-4B2/1A_1,CHHC-W7R2-6R-4B2/1A,E_00224,1,4
CHHC-W7R2-6R-4B2/1A_1,CHHC-W7R2-6R-4B2/1A,E_00259,1,1
CHHC-W7R2-6R-4B2/1A_1,CHHC-W7R2-6R-4B2/1A,E_00453,1,1
CHHC-W7R2-6R-4B2/1A_1,CHHC-W7R2-6R-4B2/1A,E_00531,1,4
CHHC-W7R2-6R-4B2/1A_1,CHHC-W7R2-6R-4B2/1A,E_00561,1,1
CHHC-W7R2-6R-4B2/1A_1,CHHC-W7R2-6R-4B2/1A,E_00577,1,1
CHHC-W7R2-6R-4B2/1A_1,CHHC-W7R2-6R-4B2/1A,E_00646,1,2
CHHC-W7R2-6R-4B2/1A_1,CHHC-W7R2-6R-4B2/1A,E_00651,1,3
CHHC-W7R2-6R-4B2/1A_1,CHHC-W7R2-6R-4B2/1A,E_04469,1,0.34
CHHC-W7R2-6R-4B2/1A_1,CHHC-W7R2-6R-4B2/1A,E_31244,1,2
CHHC-W7R2-6R-4B2/1A_1,CHHC-W7R2-6R-4B2/1A,EVI_00002,1,1
CHHC-W7R2-6R-4B2/1A_1,CHHC-W7R2-6R-4B2/1A,EVI_00003,1,8
CHHC-W7R2-6R-4B2/1A_1,CHHC-W7R2-6R-4B2/1A,EVI_00004,1,3
CHHC-W7R2-6R-4B2/1A_1,CHHC-W7R2-6R-4B2/1A,EVI_00013,1,2
CHHC-W7R2-6R-4B2/1A_1,CHHC-W7R2-6R-4B2/1A,EVI_00015,1,3
CHHC-W7R2-6R-4B2/1A_1,CHHC-W7R2-6R-4B2/1A,EVI_00017,1,2
CHHC-W7R2-6R-4B2/1A_1,CHHC-W7R2-6R-4B2/1A,EVI_00019,1,11
CHHC-W7R2-6R-4B2/1A_1,CHHC-W7R2-6R-4B2/1A,EVI_00020,1,5
CHHC-W7R2-6R-4B2/1A_1,CHHC-W7R2-6R-4B2/1A,EVI_00129,1,2
CHHC-W7R2-6R-4B2/1A_1,CHHC-W7R2-6R-4B2/1A,EVI_00293,1,1
CHHC-W7R2-6R-4B2/1A_1,CHHC-W7R2-6R-4B2/1A,EVI_00295,1,2
CHHC-W7R2-6R-4B2/1A_1,CHHC-W7R2-6R-4B2/1A,EVI_00296,1,1
CHHC-W7R2-6R-4B2/1A_1,CHHC-W7R2-6R-4B2/1A,EVI_00298,1,9
CHHC-W7R2-6R-4B2/1A_1,CHHC-W7R2-6R-4B2/1A,EVI_00042,1,2
CHHC-W7R2-6R-4B2/1A_1,CHHC-W7R2-6R-4B2/1A,EVI_00058,1,2
CHHC-W7R2-6R-4B2/1A_1,CHHC-W7R2-6R-4B2/1A,EVI_00239,1,2
CHHC-W7R2-6R-4B2/1A_1,CHHC-W7R2-6R-4B2/1A,Evi_00498,1,1
CHHC-W7R2-6R-4B2/1A_1,CHHC-W7R2-6R-4B2/1A,EVI_00064,1,2
CHHC-W7R2-6R-4B2/1A_1,CHHC-W7R2-6R-4B2/1A,E_00188,1,5.8
CHHC-W7R2-6R-4B2/1A_1,CHHC-W7R2-6R-4B2/1A,E_00326,1,1
CHHC-W7R2-6R-4B2/1A_1,CHHC-W7R2-6R-4B2/1A,E_00367,1,2
CHHC-W7R2-6R-4B2/1A_1,CHHC-W7R2-6R-4B2/1A,E_00368,1,1
CHHC-W7R2-6R-4B2/1A_1,CHHC-W7R2-6R-4B2/1A,E_00548,1,1
CHHC-W7R2-6R-4B2/1A_1,CHHC-W7R2-6R-4B2/1A,E_01079,1,1.66
CHHC-W7R2-6R-4B2/1A_1,CHHC-W7R2-6R-4B2/1A,E_01080,1,6.46
CHHC-W7R2-6R-4B2/1A_1,CHHC-W7R2-6R-4B2/1A,E_01121,1,4.54
CHHC-W7R2-6R-4B2/1A_1,CHHC-W7R2-6R-4B2/1A,E_01122,1,3.1
CHHC-W7R2-6R-4B2/1A_1,CHHC-W7R2-6R-4B2/1A,EVI_00029,1,2
CHHC-W7R2-6R-4B2/1A_1,CHHC-W7R2-6R-4B2/1A,EVI_00030,1,3
CHHC-W7R2-6R-4B2/1A_1,CHHC-W7R2-6R-4B2/1A,EVI_00057,1,2
CHHC-W7R2-6R-4B2/1A_1,CHHC-W7R2-6R-4B2/1A,EVI_00073,1,2
CHHC-W7R2-6R-4B2/1A_1,CHHC-W7R2-6R-4B2/1A,EVI_00074,1,2
CHHC-W7R2-6R-4B2/1A_1,CHHC-W7R2-6R-4B2/1A,EVI_00152,1,1
CHHC-W7R2-6R-4B2/1A_1,CHHC-W7R2-6R-4B2/1A,EVI_00246,1,1
CHHC-W7R2-6R-4B2/1A_1,CHHC-W7R2-6R-4B2/1A,EVI_00264,1,3
CHHC-W7R2-6R-4B2/1A_1,CHHC-W7R2-6R-4B2/1A,EVI_00291,1,2
CHHC-W7R2-6R-4B2/1A_1,CHHC-W7R2-6R-4B2/1A,EVI_00343,1,1
CHHC-W7R2-6R-4B2/1A_1,CHHC-W7R2-6R-4B2/1A,EVI_00416,1,1
CHHC-W7R2-6R-4B2/1A_1,CHHC-W7R2-6R-4B2/1A,EVI_00254,1,1
CHHC-W7R2-6R-4B2/1A_1,CHHC-W7R2-6R-4B2/1A,EVI_00300,1,1
CHHC-W7R2-6R-4B2/1A_1,CHHC-W7R2-6R-4B2/1A,EVI_00361,1,1
CHHC-W7R2-6R-4B2/1A_1,CHHC-W7R2-6R-4B2/1A,E_00095,1,6.92
CHHC-W7R2-6R-4B2/1A_1,CHHC-W7R2-6R-4B2/1A,E_00342,1,0.1389
CHHC-W7R2-6R-4B2/1A_1,CHHC-W7R2-6R-4B2/1A,E_06975,1,0.0292
CHHC-W7R2-6R-4B2/1A_1,CHHC-W7R2-6R-4B2/1A,E_08025,1,0.08
CHHC-W7R2-6R-4B2/1A_1,CHHC-W7R2-6R-4B2/1A,E_08050,1,5.98
CHHC-W7R2-4R-5B-T1/1A_1,CHHC-W7R2-4R-5B-T1/1A,E_00379,1,0.6
CHHC-W7R2-4R-5B-T1/1A_1,CHHC-W7R2-4R-5B-T1/1A,E_00459,1,5.5
CHHC-W7R2-4R-5B-T1/1A_1,CHHC-W7R2-4R-5B-T1/1A,E_00463,1,1
CHHC-W7R2-4R-5B-T1/1A_1,CHHC-W7R2-4R-5B-T1/1A,E_00605,1,1
CHHC-W7R2-4R-5B-T1/1A_1,CHHC-W7R2-4R-5B-T1/1A,E_00609,1,1
CHHC-W7R2-4R-5B-T1/1A_1,CHHC-W7R2-4R-5B-T1/1A,E_00785,1,1
CHHC-W7R2-4R-5B-T1/1A_1,CHHC-W7R2-4R-5B-T1/1A,E_00178,1,1
CHHC-W7R2-4R-5B-T1/1A_1,CHHC-W7R2-4R-5B-T1/1A,E_00266,1,8.1
CHHC-W7R2-4R-5B-T1/1A_1,CHHC-W7R2-4R-5B-T1/1A,E_00470,1,1
CHHC-W7R2-4R-5B-T1/1A_1,CHHC-W7R2-4R-5B-T1/1A,E_00712,1,0.001644
CHHC-W7R2-4R-5B-T1/1A_1,CHHC-W7R2-4R-5B-T1/1A,E_00712,1,0.002342
CHHC-W7R2-4R-5B-T1/1A_1,CHHC-W7R2-4R-5B-T1/1A,Maux_32332,1,0.15
CHHC-W7R2-4R-5B-T1/1A_1,CHHC-W7R2-4R-5B-T1/1A,E_00078,1,2.75
CHHC-W7R2-4R-5B-T1/1A_1,CHHC-W7R2-4R-5B-T1/1A,E_00080,1,0.05
CHHC-W7R2-4R-5B-T1/1A_1,CHHC-W7R2-4R-5B-T1/1A,E_00169,1,5.2
CHHC-W7R2-4R-5B-T1/1A_1,CHHC-W7R2-4R-5B-T1/1A,E_00187,1,0.4
CHHC-W7R2-4R-5B-T1/1A_1,CHHC-W7R2-4R-5B-T1/1A,E_00278,1,1
CHHC-W7R2-4R-5B-T1/1A_1,CHHC-W7R2-4R-5B-T1/1A,E_00376,1,1
CHHC-W7R2-4R-5B-T1/1A_1,CHHC-W7R2-4R-5B-T1/1A,E_00380,1,3
CHHC-W7R2-4R-5B-T1/1A_1,CHHC-W7R2-4R-5B-T1/1A,E_00381,1,3
CHHC-W7R2-4R-5B-T1/1A_1,CHHC-W7R2-4R-5B-T1/1A,E_00411,1,2
CHHC-W7R2-4R-5B-T1/1A_1,CHHC-W7R2-4R-5B-T1/1A,E_00412,1,2
CHHC-W7R2-4R-5B-T1/1A_1,CHHC-W7R2-4R-5B-T1/1A,E_00413,1,3
CHHC-W7R2-4R-5B-T1/1A_1,CHHC-W7R2-4R-5B-T1/1A,E_00442,1,2
CHHC-W7R2-4R-5B-T1/1A_1,CHHC-W7R2-4R-5B-T1/1A,E_00443,1,1
CHHC-W7R2-4R-5B-T1/1A_1,CHHC-W7R2-4R-5B-T1/1A,E_00444,1,1
CHHC-W7R2-4R-5B-T1/1A_1,CHHC-W7R2-4R-5B-T1/1A,E_00446,1,1
CHHC-W7R2-4R-5B-T1/1A_1,CHHC-W7R2-4R-5B-T1/1A,E_00658,1,1
CHHC-W7R2-4R-5B-T1/1A_1,CHHC-W7R2-4R-5B-T1/1A,E_00659,1,1
CHHC-W7R2-4R-5B-T1/1A_1,CHHC-W7R2-4R-5B-T1/1A,E_00660,1,1
CHHC-W7R2-4R-5B-T1/1A_1,CHHC-W7R2-4R-5B-T1/1A,E_00661,1,1
CHHC-W7R2-4R-5B-T1/1A_1,CHHC-W7R2-4R-5B-T1/1A,E_00662,1,1
CHHC-W7R2-4R-5B-T1/1A_1,CHHC-W7R2-4R-5B-T1/1A,E_00663,1,1
CHHC-W7R2-4R-5B-T1/1A_1,CHHC-W7R2-4R-5B-T1/1A,E_00664,1,1
CHHC-W7R2-4R-5B-T1/1A_1,CHHC-W7R2-4R-5B-T1/1A,E_00667,1,1
CHHC-W7R2-4R-5B-T1/1A_1,CHHC-W7R2-4R-5B-T1/1A,E_00686,1,1
CHHC-W7R2-4R-5B-T1/1A_1,CHHC-W7R2-4R-5B-T1/1A,EVI_00102,1,2
CHHC-W7R2-4R-5B-T1/1A_1,CHHC-W7R2-4R-5B-T1/1A,EVI_00106,1,1
CHHC-W7R2-4R-5B-T1/1A_1,CHHC-W7R2-4R-5B-T1/1A,EVI_00120,1,1
CHHC-W7R2-4R-5B-T1/1A_1,CHHC-W7R2-4R-5B-T1/1A,EVI_00121,1,1
CHHC-W7R2-4R-5B-T1/1A_1,CHHC-W7R2-4R-5B-T1/1A,EVI_00122,1,1
CHHC-W7R2-4R-5B-T1/1A_1,CHHC-W7R2-4R-5B-T1/1A,EVI_00123,1,1
CHHC-W7R2-4R-5B-T1/1A_1,CHHC-W7R2-4R-5B-T1/1A,EVI_00124,1,1
CHHC-W7R2-4R-5B-T1/1A_1,CHHC-W7R2-4R-5B-T1/1A,EVI_00125,1,1
CHHC-W7R2-4R-5B-T1/1A_1,CHHC-W7R2-4R-5B-T1/1A,EVI_00126,1,1
CHHC-W7R2-4R-5B-T1/1A_1,CHHC-W7R2-4R-5B-T1/1A,EVI_00127,1,1
CHHC-W7R2-4R-5B-T1/1A_1,CHHC-W7R2-4R-5B-T1/1A,EVI_00128,1,1
CHHC-W7R2-4R-5B-T1/1A_1,CHHC-W7R2-4R-5B-T1/1A,E_00146,1,3
CHHC-W7R2-4R-5B-T1/1A_1,CHHC-W7R2-4R-5B-T1/1A,E_00155,1,0.63
CHHC-W7R2-4R-5B-T1/1A_1,CHHC-W7R2-4R-5B-T1/1A,E_00205,1,0.1
CHHC-W7R2-4R-5B-T1/1A_1,CHHC-W7R2-4R-5B-T1/1A,E_00211,1,0.708
CHHC-W7R2-4R-5B-T1/1A_1,CHHC-W7R2-4R-5B-T1/1A,E_00212,1,4
CHHC-W7R2-4R-5B-T1/1A_1,CHHC-W7R2-4R-5B-T1/1A,E_00213,1,5
CHHC-W7R2-4R-5B-T1/1A_1,CHHC-W7R2-4R-5B-T1/1A,E_00215,1,2
CHHC-W7R2-4R-5B-T1/1A_1,CHHC-W7R2-4R-5B-T1/1A,E_00224,1,4
CHHC-W7R2-4R-5B-T1/1A_1,CHHC-W7R2-4R-5B-T1/1A,E_00227,1,4
CHHC-W7R2-4R-5B-T1/1A_1,CHHC-W7R2-4R-5B-T1/1A,E_00259,1,1
CHHC-W7R2-4R-5B-T1/1A_1,CHHC-W7R2-4R-5B-T1/1A,E_00546,1,4
CHHC-W7R2-4R-5B-T1/1A_1,CHHC-W7R2-4R-5B-T1/1A,E_00570,1,1
CHHC-W7R2-4R-5B-T1/1A_1,CHHC-W7R2-4R-5B-T1/1A,E_00642,1,4
CHHC-W7R2-4R-5B-T1/1A_1,CHHC-W7R2-4R-5B-T1/1A,E_00646,1,2
CHHC-W7R2-4R-5B-T1/1A_1,CHHC-W7R2-4R-5B-T1/1A,E_00650,1,1
CHHC-W7R2-4R-5B-T1/1A_1,CHHC-W7R2-4R-5B-T1/1A,E_00684,1,2
CHHC-W7R2-4R-5B-T1/1A_1,CHHC-W7R2-4R-5B-T1/1A,E_00685,1,4
CHHC-W7R2-4R-5B-T1/1A_1,CHHC-W7R2-4R-5B-T1/1A,E_00727,1,2
CHHC-W7R2-4R-5B-T1/1A_1,CHHC-W7R2-4R-5B-T1/1A,E_00741,1,2
CHHC-W7R2-4R-5B-T1/1A_1,CHHC-W7R2-4R-5B-T1/1A,E_00744,1,8
CHHC-W7R2-4R-5B-T1/1A_1,CHHC-W7R2-4R-5B-T1/1A,E_00745,1,4
CHHC-W7R2-4R-5B-T1/1A_1,CHHC-W7R2-4R-5B-T1/1A,E_00778,1,1
CHHC-W7R2-4R-5B-T1/1A_1,CHHC-W7R2-4R-5B-T1/1A,E_00786,1,1
CHHC-W7R2-4R-5B-T1/1A_1,CHHC-W7R2-4R-5B-T1/1A,E_04469,1,0.34
CHHC-W7R2-4R-5B-T1/1A_1,CHHC-W7R2-4R-5B-T1/1A,E_04469,1,0.29
CHHC-W7R2-4R-5B-T1/1A_1,CHHC-W7R2-4R-5B-T1/1A,E_31242,1,6
CHHC-W7R2-4R-5B-T1/1A_1,CHHC-W7R2-4R-5B-T1/1A,EVI_00003,1,4
CHHC-W7R2-4R-5B-T1/1A_1,CHHC-W7R2-4R-5B-T1/1A,EVI_00004,1,2
CHHC-W7R2-4R-5B-T1/1A_1,CHHC-W7R2-4R-5B-T1/1A,EVI_00013,1,2
CHHC-W7R2-4R-5B-T1/1A_1,CHHC-W7R2-4R-5B-T1/1A,EVI_00015,1,2
CHHC-W7R2-4R-5B-T1/1A_1,CHHC-W7R2-4R-5B-T1/1A,EVI_00017,1,2
CHHC-W7R2-4R-5B-T1/1A_1,CHHC-W7R2-4R-5B-T1/1A,EVI_00019,1,8
CHHC-W7R2-4R-5B-T1/1A_1,CHHC-W7R2-4R-5B-T1/1A,EVI_00129,1,1
CHHC-W7R2-4R-5B-T1/1A_1,CHHC-W7R2-4R-5B-T1/1A,EVI_00295,1,1
CHHC-W7R2-4R-5B-T1/1A_1,CHHC-W7R2-4R-5B-T1/1A,EVI_00396,1,1
CHHC-W7R2-4R-5B-T1/1A_1,CHHC-W7R2-4R-5B-T1/1A,Mpr_02641,1,0.05
CHHC-W7R2-4R-5B-T1/1A_1,CHHC-W7R2-4R-5B-T1/1A,E_00653,1,1
CHHC-W7R2-4R-5B-T1/1A_1,CHHC-W7R2-4R-5B-T1/1A,EVI_00058,1,2
CHHC-W7R2-4R-5B-T1/1A_1,CHHC-W7R2-4R-5B-T1/1A,EVI_00130,1,2
CHHC-W7R2-4R-5B-T1/1A_1,CHHC-W7R2-4R-5B-T1/1A,EVI_00321,1,1
CHHC-W7R2-4R-5B-T1/1A_1,CHHC-W7R2-4R-5B-T1/1A,EVI_00385,1,2
CHHC-W7R2-4R-5B-T1/1A_1,CHHC-W7R2-4R-5B-T1/1A,EVI_00426,1,2
CHHC-W7R2-4R-5B-T1/1A_1,CHHC-W7R2-4R-5B-T1/1A,EVI_00064,1,1
CHHC-W7R2-4R-5B-T1/1A_1,CHHC-W7R2-4R-5B-T1/1A,EVI_00167,1,1
CHHC-W7R2-4R-5B-T1/1A_1,CHHC-W7R2-4R-5B-T1/1A,E_00188,1,5.8
CHHC-W7R2-4R-5B-T1/1A_1,CHHC-W7R2-4R-5B-T1/1A,E_00326,1,1
CHHC-W7R2-4R-5B-T1/1A_1,CHHC-W7R2-4R-5B-T1/1A,E_00349,1,5.5
CHHC-W7R2-4R-5B-T1/1A_1,CHHC-W7R2-4R-5B-T1/1A,E_00367,1,2
CHHC-W7R2-4R-5B-T1/1A_1,CHHC-W7R2-4R-5B-T1/1A,E_00368,1,1
CHHC-W7R2-4R-5B-T1/1A_1,CHHC-W7R2-4R-5B-T1/1A,E_00548,1,0.35
CHHC-W7R2-4R-5B-T1/1A_1,CHHC-W7R2-4R-5B-T1/1A,E_00726,1,1.4
CHHC-W7R2-4R-5B-T1/1A_1,CHHC-W7R2-4R-5B-T1/1A,E_00750,1,0.25
CHHC-W7R2-4R-5B-T1/1A_1,CHHC-W7R2-4R-5B-T1/1A,E_00751,1,2.79
CHHC-W7R2-4R-5B-T1/1A_1,CHHC-W7R2-4R-5B-T1/1A,E_01079,1,1
CHHC-W7R2-4R-5B-T1/1A_1,CHHC-W7R2-4R-5B-T1/1A,E_01121,1,2.97
CHHC-W7R2-4R-5B-T1/1A_1,CHHC-W7R2-4R-5B-T1/1A,EVI_00029,1,3
CHHC-W7R2-4R-5B-T1/1A_1,CHHC-W7R2-4R-5B-T1/1A,EVI_00057,1,2
CHHC-W7R2-4R-5B-T1/1A_1,CHHC-W7R2-4R-5B-T1/1A,EVI_00073,1,2
CHHC-W7R2-4R-5B-T1/1A_1,CHHC-W7R2-4R-5B-T1/1A,EVI_00074,1,2
CHHC-W7R2-4R-5B-T1/1A_1,CHHC-W7R2-4R-5B-T1/1A,EVI_00137,1,1
CHHC-W7R2-4R-5B-T1/1A_1,CHHC-W7R2-4R-5B-T1/1A,EVI_00152,1,1
CHHC-W7R2-4R-5B-T1/1A_1,CHHC-W7R2-4R-5B-T1/1A,EVI_00160,1,2
CHHC-W7R2-4R-5B-T1/1A_1,CHHC-W7R2-4R-5B-T1/1A,EVI_00264,1,3
CHHC-W7R2-4R-5B-T1/1A_1,CHHC-W7R2-4R-5B-T1/1A,EVI_00291,1,1
CHHC-W7R2-4R-5B-T1/1A_1,CHHC-W7R2-4R-5B-T1/1A,EVI_00350,1,1
CHHC-W7R2-4R-5B-T1/1A_1,CHHC-W7R2-4R-5B-T1/1A,EVI_00368,1,1
CHHC-W7R2-4R-5B-T1/1A_1,CHHC-W7R2-4R-5B-T1/1A,EVI_00416,1,1
CHHC-W7R2-4R-5B-T1/1A_1,CHHC-W7R2-4R-5B-T1/1A,EVI_00250,1,1
CHHC-W7R2-4R-5B-T1/1A_1,CHHC-W7R2-4R-5B-T1/1A,EVI_00254,1,2
CHHC-W7R2-4R-5B-T1/1A_1,CHHC-W7R2-4R-5B-T1/1A,EVI_00380,1,1
CHHC-W7R2-4R-5B-T1/1A_1,CHHC-W7R2-4R-5B-T1/1A,E_00206,1,4.19
CHHC-W7R2-4R-5B-T1/1A_1,CHHC-W7R2-4R-5B-T1/1A,E_00342,1,0.1275
CHHC-W7R2-4R-5B-T1/1A_1,CHHC-W7R2-4R-5B-T1/1A,E_06975,1,0.02952
CHHC-W7R2-4R-5B-T1/1A_1,CHHC-W7R2-4R-5B-T1/1A,E_08025,1,1.88
CHHC-W7R2-4R-5B-T1/1A_1,CHHC-W7R2-4R-5B-T1/1A,E_08050,1,3.82
CHHC-W7R2-4R-5B-T1/1A_1,CHHC-W7R2-4R-5B-T1/1A,Mpr_03309,1,0.37
