"ACTUATOR ELECTROVALVA HONEYWELL CU 3 CAI (1"") VC6012ZZ00/U",Materii Prime Generale,product,,0,1,Unit,Unit,,EHMAPR00006,TVA colectat 19% Bunuri,TVA deductibil 19% Bunuri,EVI_00286,Cu EVI_00290; Inlocuieste EVI_00055
ACTUATOR HONEYWELL 3/4 INCH CU 3 CAI VC6012 200-240V/50-60HZ 35PS0035,Materii Prime Generale,product,,0,1,Unit,Unit,,EHMAPR00007,TVA colectat 19% Bunuri,TVA deductibil 19% Bunuri,EVI_00408,
ACTUATOR HONEYWELL vc4013zz00/u (VC4013-02 (=un actuator 6 secunde cu un cablu atasat)),Materii Prime Generale,product,,0,1,Unit,Unit,,EHMAPR00008,TVA colectat 19% Bunuri,TVA deductibil 19% Bunuri,EVI_00423,
ACTUATOR LINEAR CONTROL VALVE VA7482E,Materii Prime Generale,product,,0,1,Unit,Unit,,EHMAPR00010,TVA colectat 19% Bunuri,TVA deductibil 19% Bunuri,EVI_00135,
ACTUATOR THERMAL 4MM 230V NO MT4-230-NO 4019837107291 (Honeywell),Materii Prime Generale,product,,0,1,Unit,Unit,,EHMAPR00011,TVA colectat 19% Bunuri,TVA deductibil 19% Bunuri,EVI_00473,
ACTUATOR THERMAL 8MM 230V MT8-230-NC (Honeywell),Materii Prime Generale,product,,0,1,Unit,Unit,,EHMAPR00012,TVA colectat 19% Bunuri,TVA deductibil 19% Bunuri,EVI_00204,
ADAPTOR ALAMA G3/4 inch-R1/2 inch 43-2330 Frese,Materii Prime Generale,product,,0,1,Unit,Unit,,EHMAPR00013,TVA colectat 19% Bunuri,TVA deductibil 19% Bunuri,EVI_00384,EVI_00382; 383
ADAPTOR G3/4 INCH D22,Materii Prime Generale,product,,0,1,Unit,Unit,,EHMAPR00015,TVA colectat 19% Bunuri,TVA deductibil 19% Bunuri,EVI_00293,
ADAPTOR LINEAR CONTROL VALVE 6400800220C,Materii Prime Generale,product,,0,1,Unit,Unit,,EHMAPR00016,TVA colectat 19% Bunuri,TVA deductibil 19% Bunuri,EVI_00138,
ADAPTOR M G3/4 inch F G1-1/4 inch,Materii Prime Generale,product,,0,1,Unit,Unit,,EHMAPR00017,TVA colectat 19% Bunuri,TVA deductibil 19% Bunuri,E_00647,
ADAPTOR M G3/4 inch F G1-1/4 inch HEX 46x29 (Prelungitor; Honeywell 2 cai),Materii Prime Generale,product,,0,1,Unit,Unit,,EHMAPR00018,TVA colectat 19% Bunuri,TVA deductibil 19% Bunuri,FAB_00001,
ADAPTOR PENTRU SENZOR HUBA 963008010,Materii Prime Generale,product,,0,1,Unit,Unit,,EHMAPR00019,TVA colectat 19% Bunuri,TVA deductibil 19% Bunuri,EVI_00129,
ADAPTOR PENTRU VAS DE EXPANSIUNE PLAT FS (3/4-3/8) 9760200010 (Reductie NM3/4-F3/8),Materii Prime Generale,product,,0,1,Unit,Unit,,EHMAPR00020,TVA colectat 19% Bunuri,TVA deductibil 19% Bunuri,EVI_00150,
AERISITOR G 1/8 INCH A140086 ART. 14 DRAIN OFF VALVE,Materii Prime Generale,product,,0,1,Unit,Unit,,EHMAPR00024,TVA colectat 19% Bunuri,TVA deductibil 19% Bunuri,EVI_00002,
ALIAJ BRAZARE GALFLO CUP 6 NANO TECH fi2,Materii Prime Generale,product,,0,1,Unit,Unit,,EHMAPR00025,TVA colectat 19% Bunuri,TVA deductibil 19% Bunuri,E_200326,
"ANSAMBLU CONTOR CALDURA DN20 CU CEAS ROTATIV (NINGBO EXTERIOR=1"") Modbus RS485",Materii Prime Generale,product,,0,1,Unit,Unit,,EHMAPR00028,TVA colectat 19% Bunuri,TVA deductibil 19% Bunuri,EVI_00285,
ANSAMBLU CONTOR CALDURA DUALMBus DN15,Materii Prime Generale,product,,0,1,Unit,Unit,,EHMAPR00029,TVA colectat 19% Bunuri,TVA deductibil 19% Bunuri,EVI_00189,
ANSAMBLU CONTOR CALDURA MBus DN15 (NINGBO),Materii Prime Generale,product,,0,1,Unit,Unit,,EHMAPR00030,TVA colectat 19% Bunuri,TVA deductibil 19% Bunuri,EVI_00187,
ANSAMBLU CONTOR CALDURA MBus DN20 RC20/G1 inch,Materii Prime Generale,product,,0,1,Unit,Unit,,EHMAPR00031,TVA colectat 19% Bunuri,TVA deductibil 19% Bunuri,EVI_00392,
"ANSAMBLU CONTOR CALDURA MBUS RC25 (1-1/4"")",Materii Prime Generale,product,,0,1,Unit,Unit,,EHMAPR00032,TVA colectat 19% Bunuri,TVA deductibil 19% Bunuri,EVI_00393,
ANSAMBLU CONTOR CALDURA RC25-RS485-RH B 25mm ULTRASONIC ENERGY METER FIXED HEAD Modbus RS485,Materii Prime Generale,product,,0,1,Unit,Unit,,EHMAPR00034,TVA colectat 19% Bunuri,TVA deductibil 19% Bunuri,EVI_00281,
ANSAMBLU CONTOR CALDURA RC32-RS485-RH ModBus 32mm ULTRASONIC ENERGY METER REMOTE HEAD RS485 ModBus,Materii Prime Generale,product,,0,1,Unit,Unit,,EHMAPR00035,TVA colectat 19% Bunuri,TVA deductibil 19% Bunuri,EVI_00282,
APARATOARE COOLING 545x365mm IZOLATIE CHHC,Materii Prime Generale,product,,0,1,Unit,Unit,,EHMAPR00037,TVA colectat 19% Bunuri,TVA deductibil 19% Bunuri,E_00770,
ATIPIC CABLU SIKA FLOW MODEL RIVERLIGHT BTHK 101-0112/X SIKA,Materii Prime Generale,product,,0,1,Unit,Unit,,EHMAPR00038,TVA colectat 19% Bunuri,TVA deductibil 19% Bunuri,E_00706,E_00686 Fara EVI_00125
BAGHETA AG34SN B D 2mm GALFLO,Materii Prime Generale,product,,0,1,Unit,Unit,,EHMAPR00042,TVA colectat 19% Bunuri,TVA deductibil 19% Bunuri,E_200109,
BARA HEXAGONALA ALAMA CUZN39PB2 HA HEX.17,Materii Prime Generale,product,,0,1,Unit,Unit,,EHMAPR00043,TVA colectat 19% Bunuri,TVA deductibil 19% Bunuri,Mpr_02641,
BARA HEXAGONALA ALAMA CUZN39PB2 HA HEX.22x 4000 E,Materii Prime Generale,product,,0,1,Unit,Unit,,EHMAPR00044,TVA colectat 19% Bunuri,TVA deductibil 19% Bunuri,E_00205,
BARA HEXAGONALA ALAMA CUZN39PB2 HA HEX.36 E,Materii Prime Generale,product,,0,1,Unit,Unit,,EHMAPR00045,TVA colectat 19% Bunuri,TVA deductibil 19% Bunuri,E_04469,
"BARA HEXAGONALA CUZN39PB3 CW614N 46xFAB EN12164 DEFORMAT LA RECE, DETENSIONAT, FARA CARACT Alama",Materii Prime Generale,product,,0,1,Unit,Unit,,EHMAPR00046,TVA colectat 19% Bunuri,TVA deductibil 19% Bunuri,E_00155,
"BARA HEXAGONALA CUZN39PB3 CW614N HEX 50x 3000 mm FARA CARACTERISTICI, EN12164 Alama",Materii Prime Generale,product,,0,1,Unit,Unit,,EHMAPR00047,TVA colectat 19% Bunuri,TVA deductibil 19% Bunuri,E_00211,
BAZA ORIZONTALA SPC 460x315x5mm Izolatie,Materii Prime Generale,product,,0,1,Unit,Unit,,EHMAPR00049,TVA colectat 19% Bunuri,TVA deductibil 19% Bunuri,E_00539,
BAZA VERTICALA SPC 765x425x5mm Izolatie,Materii Prime Generale,product,,0,1,Unit,Unit,,EHMAPR00050,TVA colectat 19% Bunuri,TVA deductibil 19% Bunuri,E_00538,
BRAZURA ARGINT AG25SN FI 2.0 3125015120 Pachet =1Kg,Materii Prime Generale,product,,0,1,Unit,Unit,,EHMAPR00051,TVA colectat 19% Bunuri,TVA deductibil 19% Bunuri,E_06975,
BYPASS FITTING 1 inch Fx1 inch F EVIN15C025 (C.T.NO. 84818099) (ADAPTOR H) (Art.15C),Materii Prime Generale,product,,0,1,Unit,Unit,,EHMAPR00053,TVA colectat 19% Bunuri,TVA deductibil 19% Bunuri,EVI_00472,
CABLU ASSY OH 01(BTHK 101-0110=pt. UFH sau RAK impreuna cu Termostat de Avarie),Materii Prime Generale,product,,0,1,m,m,,EHMAPR00055,TVA colectat 19% Bunuri,TVA deductibil 19% Bunuri,EVI_00119,
CABLU ASSY PO TP 01&XJ8 01&LS TP 01 (cu intrerupator=BTHK 101-0114; in contact J8+J27+in pompa+X8),Materii Prime Generale,product,,0,1,m,m,,EHMAPR00056,TVA colectat 19% Bunuri,TVA deductibil 19% Bunuri,EVI_00126,
CABLU ASSY PS TP 01( HUBA FLOW=in contact J24; BTHK 101-0112/2 ),Materii Prime Generale,product,,0,1,m,m,,EHMAPR00057,TVA colectat 19% Bunuri,TVA deductibil 19% Bunuri,EVI_00359,
CABLU ASSY PS TP 01(HUBA PRESS=in contact J24; BTHK 101-0112),Materii Prime Generale,product,,0,1,m,m,,EHMAPR00058,TVA colectat 19% Bunuri,TVA deductibil 19% Bunuri,EVI_00125,
CABLU ASSY XJ10 01(BTHK 101-0104),Materii Prime Generale,product,,0,1,m,m,,EHMAPR00060,TVA colectat 19% Bunuri,TVA deductibil 19% Bunuri,EVI_00120,
CABLU ASSY XJ10 01(BTHK 101-0104AT) varianta A,Materii Prime Generale,product,,0,1,m,m,,EHMAPR00061,TVA colectat 19% Bunuri,TVA deductibil 19% Bunuri,EVI_00311,
CABLU ASSY XJ11 01(BTHK 101-0105),Materii Prime Generale,product,,0,1,m,m,,EHMAPR00062,TVA colectat 19% Bunuri,TVA deductibil 19% Bunuri,EVI_00121,
CABLU ASSY XJ11 01(BTHK 101-0105AT) varianta A,Materii Prime Generale,product,,0,1,m,m,,EHMAPR00063,TVA colectat 19% Bunuri,TVA deductibil 19% Bunuri,EVI_00312,
CABLU ASSY XJ12 01(BTHK 101-0106),Materii Prime Generale,product,,0,1,m,m,,EHMAPR00064,TVA colectat 19% Bunuri,TVA deductibil 19% Bunuri,EVI_00122,
CABLU ASSY XJ12 01(BTHK 101-0106AT) varianta A,Materii Prime Generale,product,,0,1,m,m,,EHMAPR00065,TVA colectat 19% Bunuri,TVA deductibil 19% Bunuri,EVI_00365,
CABLU ASSY XJ13 01(BTHK 101-0107),Materii Prime Generale,product,,0,1,m,m,,EHMAPR00066,TVA colectat 19% Bunuri,TVA deductibil 19% Bunuri,EVI_00123,
CABLU ASSY XJ13 01(BTHK 101-0107A1) varianta A,Materii Prime Generale,product,,0,1,m,m,,EHMAPR00067,TVA colectat 19% Bunuri,TVA deductibil 19% Bunuri,EVI_00366,
CABLU ASSY XJ15 01&LE1 01 (cu led=BTHK 101-0111; in contact J15+X15),Materii Prime Generale,product,,0,1,m,m,,EHMAPR00068,TVA colectat 19% Bunuri,TVA deductibil 19% Bunuri,EVI_00127,
CABLU ASSY XJ22 01(BTHK 101-0108),Materii Prime Generale,product,,0,1,m,m,,EHMAPR00069,TVA colectat 19% Bunuri,TVA deductibil 19% Bunuri,EVI_00124,
CABLU ASSY XJ22 01(BTHK 101-0108A) varianta A,Materii Prime Generale,product,,0,1,m,m,,EHMAPR00070,TVA colectat 19% Bunuri,TVA deductibil 19% Bunuri,EVI_00367,
CABLU FASTER (PENTRU SENZOR UFH) TSK99X1,Materii Prime Generale,product,,0,1,m,m,,EHMAPR00071,TVA colectat 19% Bunuri,TVA deductibil 19% Bunuri,EVI_00116,
CABLU LIYY 4x0.34 ELCAB 4912-5332,Materii Prime Generale,product,,0,1,m,m,,EHMAPR00080,TVA colectat 19% Bunuri,TVA deductibil 19% Bunuri,E_00530,
CABLU MYYM 2x 0.5 (MYM & MYP),Materii Prime Generale,product,,0,1,m,m,,EHMAPR00081,TVA colectat 19% Bunuri,TVA deductibil 19% Bunuri,E_00078,
CABLU MYYM 3x0.75 (MYM),Materii Prime Generale,product,,0,1,m,m,,EHMAPR00082,TVA colectat 19% Bunuri,TVA deductibil 19% Bunuri,E_00169,
"CABLU S3 S4 S5 CABLU SENZOR TEMP. S3, S4, S5 AWG24-0.25",Materii Prime Generale,product,,0,1,m,m,,EHMAPR00083,TVA colectat 19% Bunuri,TVA deductibil 19% Bunuri,E_00667,
CABLU SIKA FLOW MODEL 2018 BTHK 101-0112/2 SIKA,Materii Prime Generale,product,,0,1,m,m,,EHMAPR00084,TVA colectat 19% Bunuri,TVA deductibil 19% Bunuri,E_00686,
CAPAC DE FIXARE SIR 9708/2 (=BLOCARE CLEME SIR PE SINA OMEGA),Materii Prime Generale,product,,0,1,Unit,Unit,,EHMAPR00085,TVA colectat 19% Bunuri,TVA deductibil 19% Bunuri,E_00348,
CAPAC PLACA SPATE 505x195mm CU DECUPLARE IZOLATIE CHHC,Materii Prime Generale,product,,0,1,Unit,Unit,,EHMAPR00086,TVA colectat 19% Bunuri,TVA deductibil 19% Bunuri,E_00771,
CAPAC PROTECTIE APA RIVERLIGHT Plastic,Materii Prime Generale,product,,0,1,Unit,Unit,,EHMAPR00087,TVA colectat 19% Bunuri,TVA deductibil 19% Bunuri,E_00704,
CAPAC SUPERIOR 500x175mm CU DECUPARE IZOLATIE CHHC,Materii Prime Generale,product,,0,1,Unit,Unit,,EHMAPR00088,TVA colectat 19% Bunuri,TVA deductibil 19% Bunuri,E_00772,
CAPAC SUPERIOR PROIECT 2015 420x190x5mm (Izolatie),Materii Prime Generale,product,,0,1,Unit,Unit,,EHMAPR00089,TVA colectat 19% Bunuri,TVA deductibil 19% Bunuri,E_00433,
CAPAC SUPERIOR SPC 420x 180x 5mm Izolatie,Materii Prime Generale,product,,0,1,Unit,Unit,,EHMAPR00090,TVA colectat 19% Bunuri,TVA deductibil 19% Bunuri,E_00542,
CLEMA CATARAMA 13-16 mm E,Materii Prime Generale,product,,0,1,Unit,Unit,,EHMAPR00092,TVA colectat 19% Bunuri,TVA deductibil 19% Bunuri,E_00179,
CLEMA PT. SINA SUPORT SIGURANTA WSI 4,Materii Prime Generale,product,,0,1,Unit,Unit,,EHMAPR00093,TVA colectat 19% Bunuri,TVA deductibil 19% Bunuri,E_00443,
CLEMA SIR ALBASTRU WK2.5/U BI,Materii Prime Generale,product,,0,1,Unit,Unit,,EHMAPR00094,TVA colectat 19% Bunuri,TVA deductibil 19% Bunuri,E_00413,
CLEMA SIR GRI WK2.5/U,Materii Prime Generale,product,,0,1,Unit,Unit,,EHMAPR00095,TVA colectat 19% Bunuri,TVA deductibil 19% Bunuri,E_00412,
CLEMA SIR MAROU ( PORTOCALIU ) WK2.5/U,Materii Prime Generale,product,,0,1,Unit,Unit,,EHMAPR00096,TVA colectat 19% Bunuri,TVA deductibil 19% Bunuri,E_00442,
CLEMA SIR PT. IMPAMANTARE WK4SL/U GALBEN +VERDE,Materii Prime Generale,product,,0,1,Unit,Unit,,EHMAPR00097,TVA colectat 19% Bunuri,TVA deductibil 19% Bunuri,E_00411,
CLEMA SIR PT. SINA OMEGA,Materii Prime Generale,product,,0,1,Unit,Unit,,EHMAPR00098,TVA colectat 19% Bunuri,TVA deductibil 19% Bunuri,E_00460,Lipsa Cod Producator
CLIPS TRADUCTOR TSC SENSOR 18 mm TSY9918 (pentru senzor pe tevi D18),Materii Prime Generale,product,,0,1,Unit,Unit,,EHMAPR00099,TVA colectat 19% Bunuri,TVA deductibil 19% Bunuri,EVI_00421,
CLIPS TRADUCTOR TSC SENSOR 28 mm (pentru senzor pe tevi D28),Materii Prime Generale,product,,0,1,Unit,Unit,,EHMAPR00100,TVA colectat 19% Bunuri,TVA deductibil 19% Bunuri,EVI_00504,
"COLIER CU GARNITURA D15-18 mm (= 3/8"") (8601 15 19)",Materii Prime Generale,product,,0,1,Unit,Unit,,EHMAPR00101,TVA colectat 19% Bunuri,TVA deductibil 19% Bunuri,E_00787,
"COLIER CU GARNITURA D22/M8 (=1/2"")",Materii Prime Generale,product,,0,1,Unit,Unit,,EHMAPR00102,TVA colectat 19% Bunuri,TVA deductibil 19% Bunuri,E_00145,
"COLIER CU GARNITURA D28 (=3/4 "") E",Materii Prime Generale,product,,0,1,Unit,Unit,,EHMAPR00103,TVA colectat 19% Bunuri,TVA deductibil 19% Bunuri,E_01020,
"COLIER CU GARNITURA D30-38 (=1"") 10310040",Materii Prime Generale,product,,0,1,Unit,Unit,,EHMAPR00104,TVA colectat 19% Bunuri,TVA deductibil 19% Bunuri,E_00178,
COLIER CU GARNITURA D42 (=1-1/4 inch=D39-46mm ),Materii Prime Generale,product,,0,1,Unit,Unit,,EHMAPR00105,TVA colectat 19% Bunuri,TVA deductibil 19% Bunuri,E_00434,
COLIER CU GARNITURA D57-63 mm ( =2 INCH FARA IZOLATIE),Materii Prime Generale,product,,0,1,Unit,Unit,,EHMAPR00106,TVA colectat 19% Bunuri,TVA deductibil 19% Bunuri,E_00470,Lipsa Cod Producator
COMPRESSION OLIVE 22MM INEL,Materii Prime Generale,product,,0,1,Unit,Unit,,EHMAPR00108,TVA colectat 19% Bunuri,TVA deductibil 19% Bunuri,EVI_00097,
CONDUCTOR MYF 0.5,Materii Prime Generale,product,,0,1,Unit,Unit,,EHMAPR00110,TVA colectat 19% Bunuri,TVA deductibil 19% Bunuri,E_00167,
CONECTORI ROTUNZI UNIOR 1.5-2.5 MM2 20Units/SET (inel),Materii Prime Generale,product,,0,1,Unit,Unit,,EHMAPR00112,TVA colectat 19% Bunuri,TVA deductibil 19% Bunuri,E_31236,
"CONTOR ENERGIE TERMICA KAMSTRUP 403 M-Bus 230V (INCALZIRE) DN15 (3/4"") 403-W-40-2-19-11-7-21",Materii Prime Generale,product,,0,1,Unit,Unit,,EHMAPR00114,TVA colectat 19% Bunuri,TVA deductibil 19% Bunuri,EVI_00406,
"CONTOR ENERGIE TERMICA KAMSTRUP 403 M-Bus Battery (INCALZIRE) DN15 (3/4"") 403-W-40-2-19-11-2-21",Materii Prime Generale,product,,0,1,Unit,Unit,,EHMAPR00115,TVA colectat 19% Bunuri,TVA deductibil 19% Bunuri,EVI_00399,
"CONTOR ENERGIE TERMICA KAMSTRUP 403 M-Bus Battery (INCALZIRE) DN20 (1"") 403-W-70-2-19-11-2-21",Materii Prime Generale,product,,0,1,Unit,Unit,,EHMAPR00116,TVA colectat 19% Bunuri,TVA deductibil 19% Bunuri,EVI_00412,
"CONTOR ENERGIE TERMICA KAMSTRUP 603 ULTRAFLOW 230V (INCALZIRE - 1"") 603-E-2-19-1-11-3-67-67",Materii Prime Generale,product,,0,1,Unit,Unit,,EHMAPR00117,TVA colectat 19% Bunuri,TVA deductibil 19% Bunuri,EVI_00428,
"CONTOR ENERGIE TERMICA KAMSTRUP 603 ULTRAFLOW 230V (INCALZIRE - 3/4"") 603-E-2-19-1-11-3-67-67",Materii Prime Generale,product,,0,1,Unit,Unit,,EHMAPR00118,TVA colectat 19% Bunuri,TVA deductibil 19% Bunuri,EVI_00427,
"CONTOR ENERGIE TERMICA KAMSTRUP 603 ULTRAFLOW 230V (RACIRE - 1"") 603-E-5-19-1-11-3-67-67",Materii Prime Generale,product,,0,1,Unit,Unit,,EHMAPR00119,TVA colectat 19% Bunuri,TVA deductibil 19% Bunuri,EVI_00430,
"CONTOR ENERGIE TERMICA KAMSTRUP 603 ULTRAFLOW 230V (RACIRE - 3/4"") 603-E-5-19-1-11-3-67-67",Materii Prime Generale,product,,0,1,Unit,Unit,,EHMAPR00120,TVA colectat 19% Bunuri,TVA deductibil 19% Bunuri,EVI_00429,
"CONTOR ENERGIE TERMICA KAMSTRUP(INCALZIRE) DN15 (3/4"") 402W0020F4252 (Multical 402-1.5mc/h)",Materii Prime Generale,product,,0,1,Unit,Unit,,EHMAPR00121,TVA colectat 19% Bunuri,TVA deductibil 19% Bunuri,EVI_00161,
"CONTOR ENERGIE TERMICA KAMSTRUP(INCALZIRE) DN15 (3/4"") 402-W-20-2-OF-1-219-QP0.6,PT500-1.5m",Materii Prime Generale,product,,0,1,Unit,Unit,,EHMAPR00122,TVA colectat 19% Bunuri,TVA deductibil 19% Bunuri,EVI_00474,
CONTRAPIULITA G 1 INCH 995025,Materii Prime Generale,product,,0,1,Unit,Unit,,EHMAPR00123,TVA colectat 19% Bunuri,TVA deductibil 19% Bunuri,EVI_00003,
CONTRAPIULITA G 3/4 INCH 995020,Materii Prime Generale,product,,0,1,Unit,Unit,,EHMAPR00125,TVA colectat 19% Bunuri,TVA deductibil 19% Bunuri,EVI_00004,
CONTROLLER 882MS20 2RCA0,Materii Prime Generale,product,,0,1,Unit,Unit,,EHMAPR00126,TVA colectat 19% Bunuri,TVA deductibil 19% Bunuri,EVI_00073,
COT CU 18 I-E Lipire,Materii Prime Generale,product,,0,1,Unit,Unit,,EHMAPR00128,TVA colectat 19% Bunuri,TVA deductibil 19% Bunuri,E_200012,
COT CU 18 I-I Lipire,Materii Prime Generale,product,,0,1,Unit,Unit,,EHMAPR00129,TVA colectat 19% Bunuri,TVA deductibil 19% Bunuri,E_200010,
COT CU 22 I-E Lipire,Materii Prime Generale,product,,0,1,Unit,Unit,,EHMAPR00130,TVA colectat 19% Bunuri,TVA deductibil 19% Bunuri,Mpr_00994,
COT CU 22 L-L Lipire,Materii Prime Generale,product,,0,1,Unit,Unit,,EHMAPR00131,TVA colectat 19% Bunuri,TVA deductibil 19% Bunuri,Mpr_08041,
COT CU 28 I-I Lipire,Materii Prime Generale,product,,0,1,Unit,Unit,,EHMAPR00132,TVA colectat 19% Bunuri,TVA deductibil 19% Bunuri,E_00177,
COT CU D22 F-F LA 45 GRADE,Materii Prime Generale,product,,0,1,Unit,Unit,,EHMAPR00133,TVA colectat 19% Bunuri,TVA deductibil 19% Bunuri,E_00684,
COT CU D22 F-M LA 45 GRADE,Materii Prime Generale,product,,0,1,Unit,Unit,,EHMAPR00134,TVA colectat 19% Bunuri,TVA deductibil 19% Bunuri,E_00727,
COT CU D22 M-F LA 90 GRADE,Materii Prime Generale,product,,0,1,Unit,Unit,,EHMAPR00135,TVA colectat 19% Bunuri,TVA deductibil 19% Bunuri,E_00744,Lipsa Cod Producator
COT CU F-F 45 GRADE D18 mm,Materii Prime Generale,product,,0,1,Unit,Unit,,EHMAPR00136,TVA colectat 19% Bunuri,TVA deductibil 19% Bunuri,E_00608,
COT CU F-F 90 GRADE D18 mm E(=I-I),Materii Prime Generale,product,,0,1,Unit,Unit,,EHMAPR00137,TVA colectat 19% Bunuri,TVA deductibil 19% Bunuri,E_00747,
COT CU F-F LA 45 GRADE D28 mm I-I LIPIRE,Materii Prime Generale,product,,0,1,Unit,Unit,,EHMAPR00138,TVA colectat 19% Bunuri,TVA deductibil 19% Bunuri,E_00186,
COT CU F-F LA 90 GRADE SCURT D28 mm (=I-I),Materii Prime Generale,product,,0,1,Unit,Unit,,EHMAPR00139,TVA colectat 19% Bunuri,TVA deductibil 19% Bunuri,E_00100,
COT CU FI 42 F-F LA 45 GRADE ( =I-I),Materii Prime Generale,product,,0,1,Unit,Unit,,EHMAPR00140,TVA colectat 19% Bunuri,TVA deductibil 19% Bunuri,E_00429,
COT CU FI 42 F-F LA 90 GRADE SCURT (=I-I),Materii Prime Generale,product,,0,1,Unit,Unit,,EHMAPR00141,TVA colectat 19% Bunuri,TVA deductibil 19% Bunuri,E_00423,
COT CU FI 42 M-F LA 45 GRADE ( =E-I),Materii Prime Generale,product,,0,1,Unit,Unit,,EHMAPR00142,TVA colectat 19% Bunuri,TVA deductibil 19% Bunuri,E_00425,
COT CU M-F LA 45 GRADE D28 mm,Materii Prime Generale,product,,0,1,Unit,Unit,,EHMAPR00143,TVA colectat 19% Bunuri,TVA deductibil 19% Bunuri,E_00098,
COT CU M-F LA 90 grade D18 mm E(=I-E),Materii Prime Generale,product,,0,1,Unit,Unit,,EHMAPR00144,TVA colectat 19% Bunuri,TVA deductibil 19% Bunuri,E_00748,
COT CU M-F LA 90 GRADE D28 mm (=I-E),Materii Prime Generale,product,,0,1,Unit,Unit,,EHMAPR00145,TVA colectat 19% Bunuri,TVA deductibil 19% Bunuri,E_00101,
COT CUPRU LA 90 GRADE CU SEMIOLANDEZA D15x3/8 inch 2201538000,Materii Prime Generale,product,,0,1,Unit,Unit,,EHMAPR00154,TVA colectat 19% Bunuri,TVA deductibil 19% Bunuri,E_00730,
"COT CUPRU LA 90 GRADE D18mm (capatul liber F=I) +SEMIOLANDEZA D18x G3/4"" (19.05mm)",Materii Prime Generale,product,,0,1,Unit,Unit,,EHMAPR00155,TVA colectat 19% Bunuri,TVA deductibil 19% Bunuri,E_00258,
"COT CUPRU LA 90 GRADE D28mm (capatul liber F=I) +SEMIOLANDEZA G1"" D28",Materii Prime Generale,product,,0,1,Unit,Unit,,EHMAPR00156,TVA colectat 19% Bunuri,TVA deductibil 19% Bunuri,E_00453,
"COT FI 22 F-F 90 GRADE SCURT (=I-I, M-M)",Materii Prime Generale,product,,0,1,Unit,Unit,,EHMAPR00158,TVA colectat 19% Bunuri,TVA deductibil 19% Bunuri,E_00146,
COT FI 35 F-F 90 GRADE SCURT,Materii Prime Generale,product,,0,1,Unit,Unit,,EHMAPR00159,TVA colectat 19% Bunuri,TVA deductibil 19% Bunuri,E_00212,
COT FI 35 F-F LA 45 GRADE (=M-M),Materii Prime Generale,product,,0,1,Unit,Unit,,EHMAPR00160,TVA colectat 19% Bunuri,TVA deductibil 19% Bunuri,E_00218,
COT FI 35 M-F LA 45 GRADE (=M-T),Materii Prime Generale,product,,0,1,Unit,Unit,,EHMAPR00161,TVA colectat 19% Bunuri,TVA deductibil 19% Bunuri,E_00215,
COT FI 35 M-F LA 90 GRADE,Materii Prime Generale,product,,0,1,Unit,Unit,,EHMAPR00162,TVA colectat 19% Bunuri,TVA deductibil 19% Bunuri,E_00213,
COT INT-EXT F/M G3/4 INCH 019025 ART 965 ELBOW 90 GR MXF 3/4X3/4 965020020 (Alama) (Vas Expansiune),Materii Prime Generale,product,,0,1,Unit,Unit,,EHMAPR00163,TVA colectat 19% Bunuri,TVA deductibil 19% Bunuri,EVI_00006,
CURBA CU 45gr D18 I-I LIPIRE,Materii Prime Generale,product,,0,1,Unit,Unit,,EHMAPR00165,TVA colectat 19% Bunuri,TVA deductibil 19% Bunuri,E_200011,
CURBA CU 45gr D22 I-I LIPIRE,Materii Prime Generale,product,,0,1,Unit,Unit,,EHMAPR00166,TVA colectat 19% Bunuri,TVA deductibil 19% Bunuri,E_200014,
CURBA CUPRU I-E 22mm 5040,Materii Prime Generale,product,,0,1,Unit,Unit,,EHMAPR00167,TVA colectat 19% Bunuri,TVA deductibil 19% Bunuri,E_01210,
CURBA CUPRU I-I 22mm 5041,Materii Prime Generale,product,,0,1,Unit,Unit,,EHMAPR00168,TVA colectat 19% Bunuri,TVA deductibil 19% Bunuri,E_01209,
CUTIE DEPOZITARE 400x 300x 120mm gri,Materii Prime Generale,product,,0,1,Unit,Unit,,EHMAPR00170,TVA colectat 19% Bunuri,TVA deductibil 19% Bunuri,E_31254,
CUTIE IZOLATIE SCHIMBATOR 20 PLACI 41654 EPP INSULATION B8Tx20,Materii Prime Generale,product,,0,1,Unit,Unit,,EHMAPR00172,TVA colectat 19% Bunuri,TVA deductibil 19% Bunuri,EVI_00238,(EVI234;249;237;244;251;329;250;235)
CUTIE IZOLATIE SCHIMBATOR 40 PLACI 41655 EPP INSULATION B8Tx40,Materii Prime Generale,product,,0,1,Unit,Unit,,EHMAPR00173,TVA colectat 19% Bunuri,TVA deductibil 19% Bunuri,EVI_00239,(EVI236;254;240;361;231;248;256)
CUTIE IZOLATIE SCHIMBATOR 70 PLACI EPP insulation 41670 (EPP B85x70),Materii Prime Generale,product,,0,1,Unit,Unit,,EHMAPR00174,TVA colectat 19% Bunuri,TVA deductibil 19% Bunuri,EVI_00439,(+EVI 00301;302)
CUTIE IZOLATIE SCHIMBATOR EPP 25T/2B/30 (587x179x137),Materii Prime Generale,product,,0,1,Unit,Unit,,EHMAPR00175,TVA colectat 19% Bunuri,TVA deductibil 19% Bunuri,EVI_00310, ( +EVI377)
CUTIE IZOLATIE SCHIMBATOR EPP B15x40 (524x132x163) 41657,Materii Prime Generale,product,,0,1,Unit,Unit,,EHMAPR00176,TVA colectat 19% Bunuri,TVA deductibil 19% Bunuri,EVI_00305, ( +EVI304 )
CUTIE IZOLATIE SCHIMBATOR EPP B25T/B28/B80/B85x60 (587x178x212),Materii Prime Generale,product,,0,1,Unit,Unit,,EHMAPR00177,TVA colectat 19% Bunuri,TVA deductibil 19% Bunuri,EVI_00321, ( +EVI301; 302)
"CUTIE IZOLATIE SCHIMBATOR EPP INSULATION B25T/28/80x40 (fits B85Hx50),code 41668",Materii Prime Generale,product,,0,1,Unit,Unit,,EHMAPR00178,TVA colectat 19% Bunuri,TVA deductibil 19% Bunuri,Evi_00498, (EVI497;380;300)
"CUTIE IZOLATIE SCHIMBATOR EPP INSULATION B25T/28/80x60 (fits B85Hx60),code 41669",Materii Prime Generale,product,,0,1,Unit,Unit,,EHMAPR00179,TVA colectat 19% Bunuri,TVA deductibil 19% Bunuri,Evi_00500,(+EVI499; 378 )
DISTANTIER XPE 70x35x20 (IN CUTIE IZOLATIE SCHIMBATOR CALDURA),Materii Prime Generale,product,,0,1,Unit,Unit,,EHMAPR00182,TVA colectat 19% Bunuri,TVA deductibil 19% Bunuri,E_00481,
DOP ALAMA 1/2 inch M,Materii Prime Generale,product,,0,1,Unit,Unit,,EHMAPR00183,TVA colectat 19% Bunuri,TVA deductibil 19% Bunuri,E_00621,
DOP ALAMA 3/4 inch F,Materii Prime Generale,product,,0,1,Unit,Unit,,EHMAPR00184,TVA colectat 19% Bunuri,TVA deductibil 19% Bunuri,E_00622,
DOP ALAMA 3/8 M (G3/8 inch),Materii Prime Generale,product,,0,1,Unit,Unit,,EHMAPR00185,TVA colectat 19% Bunuri,TVA deductibil 19% Bunuri,E_00631,
DOP ETANS EDVS M20 LGR M20 (2012375) FI 20,Materii Prime Generale,product,,0,1,Unit,Unit,,EHMAPR00186,TVA colectat 19% Bunuri,TVA deductibil 19% Bunuri,E_00236,
DOP ETANS EDVS M25 LGR M25 ( 2012383) FI 25,Materii Prime Generale,product,,0,1,Unit,Unit,,EHMAPR00187,TVA colectat 19% Bunuri,TVA deductibil 19% Bunuri,E_00657,
DOP ETANS EDVS M32 LGR (2012 39 1) FI 32,Materii Prime Generale,product,,0,1,Unit,Unit,,EHMAPR00188,TVA colectat 19% Bunuri,TVA deductibil 19% Bunuri,E_00247,
DOP HEAT METER (pt. varianta fara Heat Meter),Materii Prime Generale,product,,0,1,Unit,Unit,,EHMAPR00189,TVA colectat 19% Bunuri,TVA deductibil 19% Bunuri,Evi_00217,
DOP OBTURARE (COMPRESSION BLANKING DISC 22 MM FL22CB),Materii Prime Generale,product,,0,1,Unit,Unit,,EHMAPR00190,TVA colectat 19% Bunuri,TVA deductibil 19% Bunuri,EVI_00093,
DOP pentru REZERVOARE INLOCUIESTE REZISTENTA LAM IND.,Materii Prime Generale,product,,0,1,Unit,Unit,,EHMAPR00191,TVA colectat 19% Bunuri,TVA deductibil 19% Bunuri,EVI_00335,
"DRAIN COCK 1/2"" M type A to BS 2879 (Robinet Golire)",Materii Prime Generale,product,,0,1,Unit,Unit,,EHMAPR00195,TVA colectat 19% Bunuri,TVA deductibil 19% Bunuri,EVI_00387,Pentru Model 2018
"DRAIN COCK 1/4"" (Robinet Golire TP Riverlight) 250008",Materii Prime Generale,product,,0,1,Unit,Unit,,EHMAPR00196,TVA colectat 19% Bunuri,TVA deductibil 19% Bunuri,EVI_00130,
ELECTROVALVA HONEYWELL 3/4 INCH CU 3 CAI VCZMG6000 38SM0133,Materii Prime Generale,product,,0,1,Unit,Unit,,EHMAPR00197,TVA colectat 19% Bunuri,TVA deductibil 19% Bunuri,EVI_00407,
ELECTROVALVA HONEYWELL CU ACTUATOR 3/4 INCH VC6012MG6000/U CU 3 CAI (+cablul J23+Boiler),Materii Prime Generale,product,,0,1,Unit,Unit,,EHMAPR00198,TVA colectat 19% Bunuri,TVA deductibil 19% Bunuri,EVI_00056,
"ELECTROVALVA MUT cu 3 CAI 3/4"" +ACTUATOR-VMR20ESPDTCR230V-7.030.00369 (inloc. EVI 00056)",Materii Prime Generale,product,,0,1,Unit,Unit,,EHMAPR00199,TVA colectat 19% Bunuri,TVA deductibil 19% Bunuri,EVI_00409,
ETICHETA Caution Hot Water,Materii Prime Generale,product,,0,1,Unit,Unit,,EHMAPR00200,TVA colectat 19% Bunuri,TVA deductibil 19% Bunuri,E_00605,
ETICHETA CU RASINA INSCRIPTIE EVINOX,Materii Prime Generale,product,,0,1,Unit,Unit,,EHMAPR00203,TVA colectat 19% Bunuri,TVA deductibil 19% Bunuri,E_00082,
ETICHETA CU RASINA INSCRIPTIE EVINOX XR (Huba Flow),Materii Prime Generale,product,,0,1,Unit,Unit,,EHMAPR00204,TVA colectat 19% Bunuri,TVA deductibil 19% Bunuri,E_00610,
ETICHETA CU RASINA INSCRIPTIE EVINOX XR ECO (Huba Flow+Royal pe DHW),Materii Prime Generale,product,,0,1,Unit,Unit,,EHMAPR00205,TVA colectat 19% Bunuri,TVA deductibil 19% Bunuri,E_00609,
ETICHETE BULINE QC PASS E,Materii Prime Generale,product,,0,1,Unit,Unit,,EHMAPR00207,TVA colectat 19% Bunuri,TVA deductibil 19% Bunuri,E_31239,
EXTRACTOR PINI MLX 11-03-0044 40 GRAMME E,Materii Prime Generale,product,,0,1,Unit,Unit,,EHMAPR00208,TVA colectat 19% Bunuri,TVA deductibil 19% Bunuri,EVI_00109,
FLANSA PLATA PN16 DN40 GALV. (ZINCATA),Materii Prime Generale,product,,0,1,Unit,Unit,,EHMAPR00209,TVA colectat 19% Bunuri,TVA deductibil 19% Bunuri,E_00553,
FLUDOR 1 MM 250 GR TIN,Materii Prime Generale,product,,0,1,Unit,Unit,,EHMAPR00210,TVA colectat 19% Bunuri,TVA deductibil 19% Bunuri,E_00077,
FRONTAL INTERIOR 540x530mm CU DECUPARE IZOLATIE CHHC,Materii Prime Generale,product,,0,1,Unit,Unit,,EHMAPR00215,TVA colectat 19% Bunuri,TVA deductibil 19% Bunuri,E_00763,
FRONTAL SUPERIOR 638x540mm CU DECUPARE IZOLATIE CHHC,Materii Prime Generale,product,,0,1,Unit,Unit,,EHMAPR00216,TVA colectat 19% Bunuri,TVA deductibil 19% Bunuri,E_00761,
"G1"" IZOLATIE 2 KIT CONTORIZARE APA G1""-00 lipsa cod furnizor (=555x320x75)",Materii Prime Generale,product,,0,1,Unit,Unit,,EHMAPR00217,TVA colectat 19% Bunuri,TVA deductibil 19% Bunuri,E_00476,
"G3/4"" IZOLATIE 1+IZOLATIE 2 KIT CONTORIZARE APA G3/4""-00 2 semicochilii (=495x290x75x2 Units.)",Materii Prime Generale,product,,0,1,Unit,Unit,,EHMAPR00218,TVA colectat 19% Bunuri,TVA deductibil 19% Bunuri,E_00474,
GARNITURA 1 INCH - Tesnit BA U 3mm D30xD21x3,Materii Prime Generale,product,,0,1,Unit,Unit,,EHMAPR00219,TVA colectat 19% Bunuri,TVA deductibil 19% Bunuri,EVI_00007,
GARNITURA 1/2 INCH - Tesnit BA U 3mm D18.5xD11x3,Materii Prime Generale,product,,0,1,Unit,Unit,,EHMAPR00220,TVA colectat 19% Bunuri,TVA deductibil 19% Bunuri,EVI_00008,
GARNITURA 1-1/2 INCH - Tesnit BA U 3mm D45xD25x3,Materii Prime Generale,product,,0,1,Unit,Unit,,EHMAPR00222,TVA colectat 19% Bunuri,TVA deductibil 19% Bunuri,EVI_00171,
GARNITURA 16x 6x 3 (Cauciuc-pt. HUBA),Materii Prime Generale,product,,0,1,Unit,Unit,,EHMAPR00225,TVA colectat 19% Bunuri,TVA deductibil 19% Bunuri,E_00087,
GARNITURA 3/4 INCH - Tesnit BA U 3mm D24xD16x3,Materii Prime Generale,product,,0,1,Unit,Unit,,EHMAPR00227,TVA colectat 19% Bunuri,TVA deductibil 19% Bunuri,EVI_00010,
"GARNITURA BA U 1"" Ø30x Ø20x 3mm",Materii Prime Generale,product,,0,1,Unit,Unit,,EHMAPR00229,TVA colectat 19% Bunuri,TVA deductibil 19% Bunuri,E_00692,
"GARNITURA BA U 1/2"" Ø18.5x Ø10.5x 3mm",Materii Prime Generale,product,,0,1,Unit,Unit,,EHMAPR00230,TVA colectat 19% Bunuri,TVA deductibil 19% Bunuri,E_00691,
"GARNITURA BA U 1-1/2"" Ø45x Ø33x 3mm",Materii Prime Generale,product,,0,1,Unit,Unit,,EHMAPR00231,TVA colectat 19% Bunuri,TVA deductibil 19% Bunuri,E_00702,
"GARNITURA BA U 1-1/4"" Ø39x Ø25x 3mm",Materii Prime Generale,product,,0,1,Unit,Unit,,EHMAPR00232,TVA colectat 19% Bunuri,TVA deductibil 19% Bunuri,E_00701,
"GARNITURA BA U 3/4"" Ø24x Ø16x 3mm",Materii Prime Generale,product,,0,1,Unit,Unit,,EHMAPR00233,TVA colectat 19% Bunuri,TVA deductibil 19% Bunuri,E_00690,
"GARNITURA BA U 3/8"" Ø14x Ø8x 2mm",Materii Prime Generale,product,,0,1,Unit,Unit,,EHMAPR00234,TVA colectat 19% Bunuri,TVA deductibil 19% Bunuri,E_00698,
GARNITURA PENTRU MANOMETRU. 11x5x3 - Tesnit BA U 3mm,Materii Prime Generale,product,,0,1,Unit,Unit,,EHMAPR00236,TVA colectat 19% Bunuri,TVA deductibil 19% Bunuri,EVI_00173,
"GARNITURA Plane AF 1"" Ø21x Ø30x 2mm mat AF 153",Materii Prime Generale,product,,0,1,Unit,Unit,,EHMAPR00237,TVA colectat 19% Bunuri,TVA deductibil 19% Bunuri,E_31258,
"GARNITURA Plane AF 1/2"" Ø10.5x Ø18.5x 2mm mat AF 153",Materii Prime Generale,product,,0,1,Unit,Unit,,EHMAPR00238,TVA colectat 19% Bunuri,TVA deductibil 19% Bunuri,E_31256,
"GARNITURA Plane AF 3/4"" Ø16x Ø24x 2mm mat AF 153",Materii Prime Generale,product,,0,1,Unit,Unit,,EHMAPR00239,TVA colectat 19% Bunuri,TVA deductibil 19% Bunuri,E_31257,
GASCKET AFM 34 1500x 1500x 2.0 MM.,Materii Prime Generale,product,,0,1,Unit,Unit,,EHMAPR00240,TVA colectat 19% Bunuri,TVA deductibil 19% Bunuri,E_00625,
INEL 15 X 2,Materii Prime Generale,product,,0,1,Unit,Unit,,EHMAPR00242,TVA colectat 19% Bunuri,TVA deductibil 19% Bunuri,E_00633,
IZOLATIE AUTOADEZIVA ELASTOMER PT. CARCASA Grosime=15mm EPDM,Materii Prime Generale,product,,0,1,Unit,Unit,,EHMAPR00244,TVA colectat 19% Bunuri,TVA deductibil 19% Bunuri,E_00548,
IZOLATIE CAPAC SUPERIOR PROIECT CTP 2019 420x193x5mm,Materii Prime Generale,product,,0,1,Unit,Unit,,EHMAPR00245,TVA colectat 19% Bunuri,TVA deductibil 19% Bunuri,E_00709,
IZOLATIE ELASTOMER PT TEVI L=2M D.18x13 mm E,Materii Prime Generale,product,,0,1,m,m,,EHMAPR00250,TVA colectat 19% Bunuri,TVA deductibil 19% Bunuri,E_01079,
IZOLATIE ELASTOMER PT TEVI L=2M D.22x13 mm E,Materii Prime Generale,product,,0,1,m,m,,EHMAPR00251,TVA colectat 19% Bunuri,TVA deductibil 19% Bunuri,E_00750,
IZOLATIE ELASTOMER PT TEVI L=2M D.22x9 mm E,Materii Prime Generale,product,,0,1,m,m,,EHMAPR00252,TVA colectat 19% Bunuri,TVA deductibil 19% Bunuri,E_00751,
IZOLATIE ELASTOMER PT TEVI L=2M D.28x13 mm E,Materii Prime Generale,product,,0,1,m,m,,EHMAPR00253,TVA colectat 19% Bunuri,TVA deductibil 19% Bunuri,E_01080,
IZOLATIE ELASTOMER PT. TEVI INSTALATII INCALZIRE/SANITARE L=2M D.35x13 mm 68T 1335,Materii Prime Generale,product,,0,1,m,m,,EHMAPR00254,TVA colectat 19% Bunuri,TVA deductibil 19% Bunuri,E_00349,
IZOLATIE ELASTOMER PT.TEVI INSTALATII INCALZIRE/ SANITARE L=2 M D 15x6mm-D1 68T0615,Materii Prime Generale,product,,0,1,m,m,,EHMAPR00255,TVA colectat 19% Bunuri,TVA deductibil 19% Bunuri,E_00726,
IZOLATIE ELASTOMER PT.TEVI L=2 M D42x13mm,Materii Prime Generale,product,,0,1,m,m,,EHMAPR00256,TVA colectat 19% Bunuri,TVA deductibil 19% Bunuri,E_00555,
IZOLATIE ELASTOMER PTR.TEVI L=2 M D 18x 9 MM E,Materii Prime Generale,product,,0,1,m,m,,EHMAPR00257,TVA colectat 19% Bunuri,TVA deductibil 19% Bunuri,E_01121,
IZOLATIE ELASTOMER PTR.TEVI L=2 M D 28x 9 MM E,Materii Prime Generale,product,,0,1,m,m,,EHMAPR00258,TVA colectat 19% Bunuri,TVA deductibil 19% Bunuri,E_01122,
IZOLATIE PANOU FRONTAL PROIECT CTP 2019 615x560x5mm (3 piese),Materii Prime Generale,product,,0,1,Unit,Unit,,EHMAPR00261,TVA colectat 19% Bunuri,TVA deductibil 19% Bunuri,E_00710,
IZOLATIE PANOU LATERAL PROIECT CTP 2019 598x212x5mm,Materii Prime Generale,product,,0,1,Unit,Unit,,EHMAPR00262,TVA colectat 19% Bunuri,TVA deductibil 19% Bunuri,E_00708,
IZOLATIE PLACA EPDM 3mm 3x1000x2000,Materii Prime Generale,product,,0,1,mp,mp,,EHMAPR00263,TVA colectat 19% Bunuri,TVA deductibil 19% Bunuri,E_01206,
IZOLATIE PLACA EPDM 5mm 5x1000x2000,Materii Prime Generale,product,,0,1,mp,mp,,EHMAPR00264,TVA colectat 19% Bunuri,TVA deductibil 19% Bunuri,E_00188,
IZOLATIE PLACA TEAVA EVACUARE (La Unitsata),Materii Prime Generale,product,,0,1,Unit,Unit,,EHMAPR00265,TVA colectat 19% Bunuri,TVA deductibil 19% Bunuri,E_00326,
IZOLATIE VAS 580x580mm Izolatie CHHC,Materii Prime Generale,product,,0,1,Unit,Unit,,EHMAPR00266,TVA colectat 19% Bunuri,TVA deductibil 19% Bunuri,E_00773,
IZOLATIE VAS EXPANSIUNE 730x 230x 5mm (Vas=8 L +E 00191),Materii Prime Generale,product,,0,1,Unit,Unit,,EHMAPR00267,TVA colectat 19% Bunuri,TVA deductibil 19% Bunuri,E_00365,
IZOLATIE VAS SPC 650x250mm (Vas=5 L +E 00525),Materii Prime Generale,product,,0,1,Unit,Unit,,EHMAPR00268,TVA colectat 19% Bunuri,TVA deductibil 19% Bunuri,E_00541,
KIT IZOLATIE VAS EXPANSIUNE (diam. 160 mm =Vas exp. 5 litri Zilio) 2 Capace,Materii Prime Generale,product,,0,1,Unit,Unit,,EHMAPR00272,TVA colectat 19% Bunuri,TVA deductibil 19% Bunuri,E_00525,
KIT IZOLATIE VAS EXPANSIUNE (diam. 190 mm =vas 8L) 2 Capace,Materii Prime Generale,product,,0,1,Unit,Unit,,EHMAPR00273,TVA colectat 19% Bunuri,TVA deductibil 19% Bunuri,E_00191,
"KIT RMB-2555-28-00 (KIT MANIFOLD 1-1/4 inch pt. FS300, FS400)",Materii Prime Generale,product,,0,1,Unit,Unit,,EHMAPR00274,TVA colectat 19% Bunuri,TVA deductibil 19% Bunuri,EVI_00159,
LATERALA 1 VERTICALA SPATE 616x90mm Izolatie CHHC,Materii Prime Generale,product,,0,1,Unit,Unit,,EHMAPR00275,TVA colectat 19% Bunuri,TVA deductibil 19% Bunuri,E_00766,
LATERALA 2 VERTICALA SPATE 527x96mm Izolatie CHHC,Materii Prime Generale,product,,0,1,Unit,Unit,,EHMAPR00276,TVA colectat 19% Bunuri,TVA deductibil 19% Bunuri,E_00767,
LATERALE FRONTAL INFERIOR 508x363mm DUBLE Izolatie CHHC,Materii Prime Generale,product,,0,1,Unit,Unit,,EHMAPR00277,TVA colectat 19% Bunuri,TVA deductibil 19% Bunuri,E_00764,
LATERALE FRONTAL SUPERIOR 630x383mm DUBLE Izolatie CHHC,Materii Prime Generale,product,,0,1,Unit,Unit,,EHMAPR00278,TVA colectat 19% Bunuri,TVA deductibil 19% Bunuri,E_00762,
LEGATURA CABLU 200/3.6 mm (COLIER FLEXIBIL),Materii Prime Generale,product,,0,1,Unit,Unit,,EHMAPR00280,TVA colectat 19% Bunuri,TVA deductibil 19% Bunuri,E_00285,
LOCTITE 243 E,Materii Prime Generale,product,,0,1,Unit,Unit,,EHMAPR00281,TVA colectat 19% Bunuri,TVA deductibil 19% Bunuri,E_06933,
LOCTITE 406 E,Materii Prime Generale,product,,0,1,Unit,Unit,,EHMAPR00282,TVA colectat 19% Bunuri,TVA deductibil 19% Bunuri,E_00108,
LOCTITE 577 ETANSAT FILETE (0.250 litru/Units.),Materii Prime Generale,product,,0,1,Unit,Unit,,EHMAPR00283,TVA colectat 19% Bunuri,TVA deductibil 19% Bunuri,E_20547,
LOCTITE 8021 400ML-SPRAY SILICONIC 31471A,Materii Prime Generale,product,,0,1,Unit,Unit,,EHMAPR00284,TVA colectat 19% Bunuri,TVA deductibil 19% Bunuri,E_00111,
LOCTITE DE ETANSAT FILETE 577,Materii Prime Generale,product,,0,1,Unit,Unit,,EHMAPR00285,TVA colectat 19% Bunuri,TVA deductibil 19% Bunuri,Mpr_01646,
MANOMETRU CU CAPILAR 0-4 BAR 035270,Materii Prime Generale,product,,0,1,Unit,Unit,,EHMAPR00289,TVA colectat 19% Bunuri,TVA deductibil 19% Bunuri,EVI_00058,
MANOMETRU CU CAPILAR 0-4 BAR D37(D43) 066226 (+KIT-TP),Materii Prime Generale,product,,0,1,Unit,Unit,,EHMAPR00290,TVA colectat 19% Bunuri,TVA deductibil 19% Bunuri,EVI_00270,
MANOMETRU PRESIUNE/TEMPERATURA CU FIR 030646,Materii Prime Generale,product,,0,1,Unit,Unit,,EHMAPR00291,TVA colectat 19% Bunuri,TVA deductibil 19% Bunuri,EVI_00117,
MODBUS RS485 HEAT METER DN15 (Remote Head Long Wire),Materii Prime Generale,product,,0,1,Unit,Unit,,EHMAPR00293,TVA colectat 19% Bunuri,TVA deductibil 19% Bunuri,EVI_00063,
MODBUS RS485 HEAT METER DN20 (Remote Head Long Wire),Materii Prime Generale,product,,0,1,Unit,Unit,,EHMAPR00294,TVA colectat 19% Bunuri,TVA deductibil 19% Bunuri,EVI_00064,Contor de caldura electronic/ultrasonic. Country of origin - CN (China)
MODBUS RS485 HEAT METER DN25 (Remote Head Long Wire),Materii Prime Generale,product,,0,1,Unit,Unit,,EHMAPR00295,TVA colectat 19% Bunuri,TVA deductibil 19% Bunuri,EVI_00167,
MUFA CU 18 EVINOX (D18-D18),Materii Prime Generale,product,,0,1,Unit,Unit,,EHMAPR00296,TVA colectat 19% Bunuri,TVA deductibil 19% Bunuri,Mpr_00971,
MUFA CU 18 I-I LIPIRE,Materii Prime Generale,product,,0,1,Unit,Unit,,EHMAPR00297,TVA colectat 19% Bunuri,TVA deductibil 19% Bunuri,E_200020,
MUFA CUPRU FF PT IMBINARE PRIN SUDURA D=18MM 46270007,Materii Prime Generale,product,,0,1,Unit,Unit,,EHMAPR00299,TVA colectat 19% Bunuri,TVA deductibil 19% Bunuri,E_00327,
MUFA MAMA 3 PINI MX-5557-03R2210 MX5557 pe cablul Sika Flow,Materii Prime Generale,product,,0,1,Unit,Unit,,EHMAPR00300,TVA colectat 19% Bunuri,TVA deductibil 19% Bunuri,E_00688,
MUFA MOLEX 2020 MLX 39-01-2020 400 GRAMME E (mufa tata; 2 gauri),Materii Prime Generale,product,,0,1,Unit,Unit,,EHMAPR00301,TVA colectat 19% Bunuri,TVA deductibil 19% Bunuri,EVI_00102,
MUFA MOLEX 2021 MLX 39-01-2021 1200 GRAMME (mufa mama cu 2),Materii Prime Generale,product,,0,1,Unit,Unit,,EHMAPR00302,TVA colectat 19% Bunuri,TVA deductibil 19% Bunuri,EVI_00174,
MUFA MOLEX 2040 MLX 39-01-2040 280 GRAMME E (mufa tata; 4 gauri),Materii Prime Generale,product,,0,1,Unit,Unit,,EHMAPR00303,TVA colectat 19% Bunuri,TVA deductibil 19% Bunuri,EVI_00104,
MUFA MOLEX 2041 MLX 39-01-2041 1200 GRAMME (mufa mama cu 4),Materii Prime Generale,product,,0,1,Unit,Unit,,EHMAPR00304,TVA colectat 19% Bunuri,TVA deductibil 19% Bunuri,EVI_00175,
MUFA MOLEX 2060 MLX 39-01-2060 1000 GRAMME E (mufa tata; 6 gauri),Materii Prime Generale,product,,0,1,Unit,Unit,,EHMAPR00305,TVA colectat 19% Bunuri,TVA deductibil 19% Bunuri,EVI_00105,
MUFA MOLEX 2080 MLX 39-01-2080 280 GRAMME E (mufa tata; 8 gauri),Materii Prime Generale,product,,0,1,Unit,Unit,,EHMAPR00306,TVA colectat 19% Bunuri,TVA deductibil 19% Bunuri,EVI_00106,
MUFA MOLEX 2100 MLX 39-01-2100 280 GRAMME E (mufa ; 10 gauri),Materii Prime Generale,product,,0,1,Unit,Unit,,EHMAPR00307,TVA colectat 19% Bunuri,TVA deductibil 19% Bunuri,EVI_00107,
MUFA REDUSA CU D18x D15 I-I lipire (Reductie F-F),Materii Prime Generale,product,,0,1,Unit,Unit,,EHMAPR00308,TVA colectat 19% Bunuri,TVA deductibil 19% Bunuri,E_200007,
MUFA REDUSA CU D22x D18 I-I lipire (Reductie F-F),Materii Prime Generale,product,,0,1,Unit,Unit,,EHMAPR00309,TVA colectat 19% Bunuri,TVA deductibil 19% Bunuri,E_00259,
MUFA REDUSA CU D22x D22 I-I lipire (Reductie F-F),Materii Prime Generale,product,,0,1,Unit,Unit,,EHMAPR00310,TVA colectat 19% Bunuri,TVA deductibil 19% Bunuri,E_00786,Lipsa Cod Furnizor
MUFA REDUSA CU D28x D22 I-E lipire (Reductie F-M),Materii Prime Generale,product,,0,1,Unit,Unit,,EHMAPR00311,TVA colectat 19% Bunuri,TVA deductibil 19% Bunuri,E_200008,
MUFA REDUSA CU D28x D22 I-I lipire (Reductie F-F),Materii Prime Generale,product,,0,1,Unit,Unit,,EHMAPR00312,TVA colectat 19% Bunuri,TVA deductibil 19% Bunuri,E_200009,
MUFA REDUSA G1/4 INCH ALAMA (Manometru),Materii Prime Generale,product,,0,1,Unit,Unit,,EHMAPR00313,TVA colectat 19% Bunuri,TVA deductibil 19% Bunuri,EVI_00295,
"NIPLU din ALAMA 1"" 10270070",Materii Prime Generale,product,,0,1,Unit,Unit,,EHMAPR00320,TVA colectat 19% Bunuri,TVA deductibil 19% Bunuri,E_200016,
"NIPLU din ALAMA 3/4"" 10270009",Materii Prime Generale,product,,0,1,Unit,Unit,,EHMAPR00321,TVA colectat 19% Bunuri,TVA deductibil 19% Bunuri,E_200015,
"NIPLU din ALAMA GALBENA FE-FE 1/2""-D1 40FG0061 (Niplu Drept D G1/2"" xG1/2"")",Materii Prime Generale,product,,0,1,Unit,Unit,,EHMAPR00322,TVA colectat 19% Bunuri,TVA deductibil 19% Bunuri,E_00736,
NIPLU DREPT G1/2 INCHx15 CU OLANDEZA SI INEL DRAIN ADAPTOR 850015015,Materii Prime Generale,product,,0,1,Unit,Unit,,EHMAPR00323,TVA colectat 19% Bunuri,TVA deductibil 19% Bunuri,EVI_00013,
NIPLU DUBLU G 1-1 INCH TP ART 972 972025025,Materii Prime Generale,product,,0,1,Unit,Unit,,EHMAPR00324,TVA colectat 19% Bunuri,TVA deductibil 19% Bunuri,EVI_00011,
NIPLU DUBLU G 1-1/2 inch-1-1/2 inch,Materii Prime Generale,product,,0,1,Unit,Unit,,EHMAPR00325,TVA colectat 19% Bunuri,TVA deductibil 19% Bunuri,EVI_00320,
NIPLU DUBLU G3/4-3/4 INCH TP 972020020,Materii Prime Generale,product,,0,1,Unit,Unit,,EHMAPR00327,TVA colectat 19% Bunuri,TVA deductibil 19% Bunuri,EVI_00012,
NIPLU G1 inch-FI 28 ALAMA (NINGBO),Materii Prime Generale,product,,0,1,Unit,Unit,,EHMAPR00328,TVA colectat 19% Bunuri,TVA deductibil 19% Bunuri,EVI_00298,Inlocuieste FS300L/40-10-03
NIPLU G1/2 inch-UnitsSA S1 Hex.22 x17.5 (Heat Meter),Materii Prime Generale,product,,0,1,Unit,Unit,,EHMAPR00329,TVA colectat 19% Bunuri,TVA deductibil 19% Bunuri,E_00670,
NIPLU G3/4 N18/L24 778020018,Materii Prime Generale,product,,0,1,Unit,Unit,,EHMAPR00330,TVA colectat 19% Bunuri,TVA deductibil 19% Bunuri,EVI_00015,
"NIPLU REDUS ALAMA 1""x3/4"" 10270011",Materii Prime Generale,product,,0,1,Unit,Unit,,EHMAPR00332,TVA colectat 19% Bunuri,TVA deductibil 19% Bunuri,E_200019,
NIT POP OTEL 4x 10 34130040010,Materii Prime Generale,product,,0,1,Unit,Unit,,EHMAPR00335,TVA colectat 19% Bunuri,TVA deductibil 19% Bunuri,E_00069,
NIT POP OTEL 4x 8 MM E,Materii Prime Generale,product,,0,1,Unit,Unit,,EHMAPR00336,TVA colectat 19% Bunuri,TVA deductibil 19% Bunuri,E_00113,
NIT POP OTEL D4x 6 34130040006,Materii Prime Generale,product,,0,1,Unit,Unit,,EHMAPR00337,TVA colectat 19% Bunuri,TVA deductibil 19% Bunuri,E_08081,
NITURI POP STANDARD Al/Otel-4.8x10mm Ral9010-500Units/cutie,Materii Prime Generale,product,,0,1,Unit,Unit,,EHMAPR00338,TVA colectat 19% Bunuri,TVA deductibil 19% Bunuri,E_200091,
NITURI POP STANDARD Al/Otel-4.8x10mm-SRC-500Units/cutie (g=3.5-5.5mm),Materii Prime Generale,product,,0,1,Unit,Unit,,EHMAPR00339,TVA colectat 19% Bunuri,TVA deductibil 19% Bunuri,E_200092,
NITURI POP STANDARD Al/Otel-4x8mm-SRC-1000Units/cutie (G=2-4mm),Materii Prime Generale,product,,0,1,Unit,Unit,,EHMAPR00340,TVA colectat 19% Bunuri,TVA deductibil 19% Bunuri,E_200090,
NITURI POP STANDARD otel/otel-4.8x10mm SARIV-500Units/CUTIE,Materii Prime Generale,product,,0,1,Unit,Unit,,EHMAPR00341,TVA colectat 19% Bunuri,TVA deductibil 19% Bunuri,E_200133,
PANOU FRONTAL PROIECT 2015 805x465x5mm (Izolatie),Materii Prime Generale,product,,0,1,Unit,Unit,,EHMAPR00343,TVA colectat 19% Bunuri,TVA deductibil 19% Bunuri,E_00431,
PANOU FRONTAL SPC 465x675x5mm Izolatie,Materii Prime Generale,product,,0,1,Unit,Unit,,EHMAPR00344,TVA colectat 19% Bunuri,TVA deductibil 19% Bunuri,E_00540,
PANOU LATERAL PROIECT 2015 780x300x5mm (Izolatie),Materii Prime Generale,product,,0,1,Unit,Unit,,EHMAPR00345,TVA colectat 19% Bunuri,TVA deductibil 19% Bunuri,E_00432,
PANOU LATERAL SPC 650x 300x 5mm Izolatie,Materii Prime Generale,product,,0,1,Unit,Unit,,EHMAPR00346,TVA colectat 19% Bunuri,TVA deductibil 19% Bunuri,E_00543,
PAPUC TUBULAR 1mm/8mm izolat (pin simplu=pt. 1 fir),Materii Prime Generale,product,,0,1,Unit,Unit,,EHMAPR00347,TVA colectat 19% Bunuri,TVA deductibil 19% Bunuri,E_00381,
PAPUC TUBULAR IZOLAT 1.5mm/8mm XBS (pin dublu=pt. 2 fire),Materii Prime Generale,product,,0,1,Unit,Unit,,EHMAPR00348,TVA colectat 19% Bunuri,TVA deductibil 19% Bunuri,E_00380,
PENSETA ELECTRICA MST LABEL 160GR,Materii Prime Generale,product,,0,1,Unit,Unit,,EHMAPR00349,TVA colectat 19% Bunuri,TVA deductibil 19% Bunuri,EVI_00229,
PETEC E6Tx16,Materii Prime Generale,product,,0,1,Unit,Unit,,EHMAPR00350,TVA colectat 19% Bunuri,TVA deductibil 19% Bunuri,E_00687,E 00092 = Cutie Zilmet 10 Placi +EVI_00410
PICIOR REGLABIL CU SURUB M10x 25 E,Materii Prime Generale,product,,0,1,Unit,Unit,,EHMAPR00351,TVA colectat 19% Bunuri,TVA deductibil 19% Bunuri,E_00798,
PIN TERMINAL IZOLAT 0.75 MM ALBASTRU ELMARK 59024,Materii Prime Generale,product,,0,1,Unit,Unit,,EHMAPR00352,TVA colectat 19% Bunuri,TVA deductibil 19% Bunuri,E_00204,
PIN TERMINAL IZOLAT 1 MM,Materii Prime Generale,product,,0,1,Unit,Unit,,EHMAPR00353,TVA colectat 19% Bunuri,TVA deductibil 19% Bunuri,E_00166,
PINI MLX 39-00-0038 48000 GRAMME (pin mama),Materii Prime Generale,product,,0,1,Unit,Unit,,EHMAPR00355,TVA colectat 19% Bunuri,TVA deductibil 19% Bunuri,EVI_00176,
PINI MLX 39-00-0040 24000 GRAMME (pin tata),Materii Prime Generale,product,,0,1,Unit,Unit,,EHMAPR00356,TVA colectat 19% Bunuri,TVA deductibil 19% Bunuri,EVI_00178,
PIULITA CU FLANSA AUTOBLOCABILA DIN6923-6 M12 ZA-100Units/cutie,Materii Prime Generale,product,,0,1,Unit,Unit,,EHMAPR00358,TVA colectat 19% Bunuri,TVA deductibil 19% Bunuri,E_200097,
PIULITA CU FLANSA AUTOBLOCABILA DIN6923-8 M8 ZA - 250Units/cutie,Materii Prime Generale,product,,0,1,Unit,Unit,,EHMAPR00359,TVA colectat 19% Bunuri,TVA deductibil 19% Bunuri,E_200194,
PIULITA G1-1/2 INCH D28 ALAMA ( NINGBO ),Materii Prime Generale,product,,0,1,Unit,Unit,,EHMAPR00360,TVA colectat 19% Bunuri,TVA deductibil 19% Bunuri,EVI_00292,
PIULITA HEXAGONALA DIN 934-10 M12 neagra - 50Units/cutie,Materii Prime Generale,product,,0,1,Unit,Unit,,EHMAPR00361,TVA colectat 19% Bunuri,TVA deductibil 19% Bunuri,E_200195,
PIULITA HEXAGONALA DIN 934-10 M8 ZA-500Units/cutie,Materii Prime Generale,product,,0,1,Unit,Unit,,EHMAPR00362,TVA colectat 19% Bunuri,TVA deductibil 19% Bunuri,E_200098,
PIULITA M12 ( STAS 4071-80),Materii Prime Generale,product,,0,1,Unit,Unit,,EHMAPR00364,TVA colectat 19% Bunuri,TVA deductibil 19% Bunuri,E_00250,
PIULITA M4 STAS 4071-80/ISO 4032/DIN 934 Gr.8,Materii Prime Generale,product,,0,1,Unit,Unit,,EHMAPR00365,TVA colectat 19% Bunuri,TVA deductibil 19% Bunuri,Mpr_06429,
PIULITA M4 ZIN DIN 934 E ( STAS 4071 ),Materii Prime Generale,product,,0,1,Unit,Unit,,EHMAPR00366,TVA colectat 19% Bunuri,TVA deductibil 19% Bunuri,E_05098,
PIULITA M5 DIN 934 ( STAS 4071 ),Materii Prime Generale,product,,0,1,Unit,Unit,,EHMAPR00367,TVA colectat 19% Bunuri,TVA deductibil 19% Bunuri,Mpr_05151,
PIULITA M8 STAS 4071 E,Materii Prime Generale,product,,0,1,Unit,Unit,,EHMAPR00368,TVA colectat 19% Bunuri,TVA deductibil 19% Bunuri,E_06494,
PIULITA NIT CU GULER DIN OTEL SARIV-M8x19.5-ZA-250Units/cutie,Materii Prime Generale,product,,0,1,Unit,Unit,,EHMAPR00369,TVA colectat 19% Bunuri,TVA deductibil 19% Bunuri,E_200093,
PIULITA NIT CU GULER DIN OTEL SRC-M10x21-ZA-100Units/cutie,Materii Prime Generale,product,,0,1,Unit,Unit,,EHMAPR00370,TVA colectat 19% Bunuri,TVA deductibil 19% Bunuri,E_200096,
PIULITA NIT CU GULER DIN OTEL SRC-M4x11-ZA-100Units/cutie,Materii Prime Generale,product,,0,1,Unit,Unit,,EHMAPR00371,TVA colectat 19% Bunuri,TVA deductibil 19% Bunuri,E_200094,
PIULITA NIT CU GULER DIN OTEL SRC-M5x13-ZA-100Units/cutie,Materii Prime Generale,product,,0,1,Unit,Unit,,EHMAPR00372,TVA colectat 19% Bunuri,TVA deductibil 19% Bunuri,E_200095,
PIULITA NITUIBILA M4 L=12mm ( OCH 30 ) 9408-4030,Materii Prime Generale,product,,0,1,Unit,Unit,,EHMAPR00373,TVA colectat 19% Bunuri,TVA deductibil 19% Bunuri,E_00792,
PIULITA NITUIBILA M5 L=12 mm ( OCH 30 ) 39057-5030 FARA GULER,Materii Prime Generale,product,,0,1,Unit,Unit,,EHMAPR00374,TVA colectat 19% Bunuri,TVA deductibil 19% Bunuri,E_00110,
PIULITA NITUIBILA M5 L=12 mm ( OCH 30 ) 9407-5030 CU GULER,Materii Prime Generale,product,,0,1,Unit,Unit,,EHMAPR00375,TVA colectat 19% Bunuri,TVA deductibil 19% Bunuri,E_00160,
PIULITA NITUIBILA M8 L=16 mm ( H23H08KVO25 ) 9407-8030,Materii Prime Generale,product,,0,1,Unit,Unit,,EHMAPR00376,TVA colectat 19% Bunuri,TVA deductibil 19% Bunuri,E_06468,
PIULITA NITUIBILA ROTUNDA M10 ( OCH 30 ) 9407-1030,Materii Prime Generale,product,,0,1,Unit,Unit,,EHMAPR00377,TVA colectat 19% Bunuri,TVA deductibil 19% Bunuri,E_00814,
PIULITA NITUIBILA ROTUNDA M6 L=14.5mm 9407-6030,Materii Prime Generale,product,,0,1,Unit,Unit,,EHMAPR00378,TVA colectat 19% Bunuri,TVA deductibil 19% Bunuri,E_06467,
PIULITA OLANDEZA 3/4 INCH-D18 4503419000,Materii Prime Generale,product,,0,1,Unit,Unit,,EHMAPR00379,TVA colectat 19% Bunuri,TVA deductibil 19% Bunuri,EVI_00019,
PIULITA OLANDEZA ALAMA G3/8 inch / D10 4503811200,Materii Prime Generale,product,,0,1,Unit,Unit,,EHMAPR00380,TVA colectat 19% Bunuri,TVA deductibil 19% Bunuri,E_00642,
PIULITA OLANDEZA G1 INCH-D18 777025036,Materii Prime Generale,product,,0,1,Unit,Unit,,EHMAPR00381,TVA colectat 19% Bunuri,TVA deductibil 19% Bunuri,EVI_00017,
PIULITA OLANDEZA G1 inch-D24.5 4501245000,Materii Prime Generale,product,,0,1,Unit,Unit,,EHMAPR00382,TVA colectat 19% Bunuri,TVA deductibil 19% Bunuri,E_00636,
PIULITA OLANDEZA G3/8 OF 1544/15.06,Materii Prime Generale,product,,0,1,Unit,Unit,,EHMAPR00384,TVA colectat 19% Bunuri,TVA deductibil 19% Bunuri,E_200317,
PIULITA SERTIZABILA M3,Materii Prime Generale,product,,0,1,Unit,Unit,,EHMAPR00385,TVA colectat 19% Bunuri,TVA deductibil 19% Bunuri,E_00223,
PLACA AF 153 ALBASTRU 3x1500x1500mm (Gascket),Materii Prime Generale,product,,0,1,Unit,Unit,,EHMAPR00386,TVA colectat 19% Bunuri,TVA deductibil 19% Bunuri,E_00639,
PLACA BAZA ORIZONTALA 501x395mm x15mm CU DECUPARE IZOLATIE CHHC,Materii Prime Generale,product,,0,1,Unit,Unit,,EHMAPR00387,TVA colectat 19% Bunuri,TVA deductibil 19% Bunuri,E_00774,
PLACA BAZA VERTICALA 620x450mm IZOLATIE CHHC,Materii Prime Generale,product,,0,1,Unit,Unit,,EHMAPR00388,TVA colectat 19% Bunuri,TVA deductibil 19% Bunuri,E_00768,
PLACA CONEXIUNI 882CB20 1R,Materii Prime Generale,product,,0,1,Unit,Unit,,EHMAPR00389,TVA colectat 19% Bunuri,TVA deductibil 19% Bunuri,EVI_00074,
PLACA DE BAZA ORIZONTALA 460(420)x230(92)x5mm Proiect 2017 Izolatie,Materii Prime Generale,product,,0,1,Unit,Unit,,EHMAPR00390,TVA colectat 19% Bunuri,TVA deductibil 19% Bunuri,E_00616,
PLACA DE BAZA VERTICALA 422x 813x5mm Proiect 2017 Izolatie,Materii Prime Generale,product,,0,1,Unit,Unit,,EHMAPR00391,TVA colectat 19% Bunuri,TVA deductibil 19% Bunuri,E_00615,
PLACA ETANSARE 1500x1500x3 material garnituri =Tesnit BA U (=2.25 mp),Materii Prime Generale,product,,0,1,Unit,Unit,,EHMAPR00392,TVA colectat 19% Bunuri,TVA deductibil 19% Bunuri,E_31262,
PLACA INFERIOARA 383x545mm IZOLATIE CHHC,Materii Prime Generale,product,,0,1,Unit,Unit,,EHMAPR00393,TVA colectat 19% Bunuri,TVA deductibil 19% Bunuri,E_00769,
PLATFORMA 1750 x 950 ( DAP Brasov ) Palet PUC,Materii Prime Generale,product,,0,1,Unit,Unit,,EHMAPR00395,TVA colectat 19% Bunuri,TVA deductibil 19% Bunuri,E_00711,
POMPA APA WILO YONOS MAXO 25/0.5-12 2120641,Materii Prime Generale,product,,0,1,Unit,Unit,,EHMAPR00396,TVA colectat 19% Bunuri,TVA deductibil 19% Bunuri,EVI_00345,
POMPA APA WILO YONOS PICO 25/1-8 (180mm) 4215517,Materii Prime Generale,product,,0,1,Unit,Unit,,EHMAPR00397,TVA colectat 19% Bunuri,TVA deductibil 19% Bunuri,EVI_00364,
POMPA APA YONOS MAXO 25/0.5-10 PN10 (POMPA WILO) 1-1/2 inch,Materii Prime Generale,product,,0,1,Unit,Unit,,EHMAPR00399,TVA colectat 19% Bunuri,TVA deductibil 19% Bunuri,EVI_00137,
"POMPA APA YONOS MAXO 25/0.5-7-( G1-1/2"" ) 2120639",Materii Prime Generale,product,,0,1,Unit,Unit,,EHMAPR00400,TVA colectat 19% Bunuri,TVA deductibil 19% Bunuri,EVI_00343,
POMPA APA YONOS MAXO 30/0.5-10 PN10 G2 inch (POMPA WILO),Materii Prime Generale,product,,0,1,Unit,Unit,,EHMAPR00401,TVA colectat 19% Bunuri,TVA deductibil 19% Bunuri,EVI_00379,
POMPA APA YONOS PARA PWM 15/7 4525842,Materii Prime Generale,product,,0,1,Unit,Unit,,EHMAPR00402,TVA colectat 19% Bunuri,TVA deductibil 19% Bunuri,EVI_00152,
POMPA APA YONOS PARA RS25/7-PWM1 MFS13 4526055 1-1/2 inch,Materii Prime Generale,product,,0,1,Unit,Unit,,EHMAPR00403,TVA colectat 19% Bunuri,TVA deductibil 19% Bunuri,EVI_00151,
POMPA STAR Z15 TT (POMPA WILO) 4110919,Materii Prime Generale,product,,0,1,Unit,Unit,,EHMAPR00404,TVA colectat 19% Bunuri,TVA deductibil 19% Bunuri,EVI_00271,
PRELUNGITOR F G3/4 inch x10/M G1 inch,Materii Prime Generale,product,,0,1,Unit,Unit,,EHMAPR00407,TVA colectat 19% Bunuri,TVA deductibil 19% Bunuri,E_00651,
"PRELUNGITOR G3/4 INCHx10(M-F 3/4""-3/4"") 776020020 (pt.schimbator caldura)",Materii Prime Generale,product,,0,1,Unit,Unit,,EHMAPR00408,TVA colectat 19% Bunuri,TVA deductibil 19% Bunuri,EVI_00020,
"RACORD EUROCON din ALAMA pt.TEAVA PEX 3/4""xD16mm-F1 40KK0104",Materii Prime Generale,product,,0,1,Unit,Unit,,EHMAPR00412,TVA colectat 19% Bunuri,TVA deductibil 19% Bunuri,E_00721,
REDUCTIE CUPRU D15xD10mm 2431510000,Materii Prime Generale,product,,0,1,Unit,Unit,,EHMAPR00418,TVA colectat 19% Bunuri,TVA deductibil 19% Bunuri,E_00731,
REDUCTIE CUPRU D18xD15mm 2431815000,Materii Prime Generale,product,,0,1,Unit,Unit,,EHMAPR00419,TVA colectat 19% Bunuri,TVA deductibil 19% Bunuri,E_00732,
REDUCTIE CUPRU FF D35x28 MM PENTRU IMBINARE PRIN SUDURA,Materii Prime Generale,product,,0,1,Unit,Unit,,EHMAPR00420,TVA colectat 19% Bunuri,TVA deductibil 19% Bunuri,E_00249,
REDUCTIE CUPRU M-F D35xD18mm,Materii Prime Generale,product,,0,1,Unit,Unit,,EHMAPR00422,TVA colectat 19% Bunuri,TVA deductibil 19% Bunuri,E_00545,
REDUCTIE F D28-F D18,Materii Prime Generale,product,,0,1,Unit,Unit,,EHMAPR00423,TVA colectat 19% Bunuri,TVA deductibil 19% Bunuri,E_00103,
REDUCTIE M D28-F D18,Materii Prime Generale,product,,0,1,Unit,Unit,,EHMAPR00424,TVA colectat 19% Bunuri,TVA deductibil 19% Bunuri,E_00652,
REDUCTIE M D28-F D42 (E-I),Materii Prime Generale,product,,0,1,Unit,Unit,,EHMAPR00425,TVA colectat 19% Bunuri,TVA deductibil 19% Bunuri,E_00424,
REDUCTIE M D42-F D35 (E-I),Materii Prime Generale,product,,0,1,Unit,Unit,,EHMAPR00426,TVA colectat 19% Bunuri,TVA deductibil 19% Bunuri,E_00559,
"RELEU 3NO/NC, 10A, 230VAC R15/3P-WT (=2NO/NC R2-WTL220VAC)",Materii Prime Generale,product,,0,1,Unit,Unit,,EHMAPR00428,TVA colectat 19% Bunuri,TVA deductibil 19% Bunuri,E_00278,
"REPARTITOR CALDURA 22mm Mx1"" F TUN22X1FS",Materii Prime Generale,product,,0,1,Unit,Unit,,EHMAPR00429,TVA colectat 19% Bunuri,TVA deductibil 19% Bunuri,EVI_00280,
REZERVOR 150 L 06387,Materii Prime Generale,product,,0,1,Unit,Unit,,EHMAPR00430,TVA colectat 19% Bunuri,TVA deductibil 19% Bunuri,EVI_00065,
REZERVOR 200 L 06388,Materii Prime Generale,product,,0,1,Unit,Unit,,EHMAPR00431,TVA colectat 19% Bunuri,TVA deductibil 19% Bunuri,EVI_00066,
REZERVOR 300 L 06389,Materii Prime Generale,product,,0,1,Unit,Unit,,EHMAPR00432,TVA colectat 19% Bunuri,TVA deductibil 19% Bunuri,EVI_00067,
REZERVOR 300 L 06389,Materii Prime Generale,product,,0,1,Unit,Unit,,EHMAPR00433,TVA colectat 19% Bunuri,TVA deductibil 19% Bunuri,Evi_00337,Inlocuieste EVI_00067
REZERVOR 400 L 06390,Materii Prime Generale,product,,0,1,Unit,Unit,,EHMAPR00434,TVA colectat 19% Bunuri,TVA deductibil 19% Bunuri,EVI_00068,
REZERVOR 80 L 06386,Materii Prime Generale,product,,0,1,Unit,Unit,,EHMAPR00435,TVA colectat 19% Bunuri,TVA deductibil 19% Bunuri,EVI_00069,
REZERVOR INOX 400 L 8.1572.0 LAM IND.,Materii Prime Generale,product,,0,1,Unit,Unit,,EHMAPR00436,TVA colectat 19% Bunuri,TVA deductibil 19% Bunuri,EVI_00334,
REZISTENTA BOILER PT. REZERVOR 80L/150 L/200L/300L/400L MONOFASE 3 KW HEATING ELEMENT (1-1/4 inch),Materii Prime Generale,product,,0,1,Unit,Unit,,EHMAPR00437,TVA colectat 19% Bunuri,TVA deductibil 19% Bunuri,EVI_00179,
REZISTOR 1/2W,Materii Prime Generale,product,,0,1,Unit,Unit,,EHMAPR00438,TVA colectat 19% Bunuri,TVA deductibil 19% Bunuri,E_00462,
ROBINET AMESTECATOR TERMOSTATAT G 1 inch M 521801 CST (1” Male connections with NO fittings) Caleffi,Materii Prime Generale,product,,0,1,Unit,Unit,,EHMAPR00439,TVA colectat 19% Bunuri,TVA deductibil 19% Bunuri,EVI_00424,
ROBINET AMESTECATOR TERMOSTATAT G 1 INCH M P11A25N00,Materii Prime Generale,product,,0,1,Unit,Unit,,EHMAPR00440,TVA colectat 19% Bunuri,TVA deductibil 19% Bunuri,EVI_00051,
ROBINET AMESTECATOR TERMOSTATAT G 3/4 INCH M P11A20N00,Materii Prime Generale,product,,0,1,Unit,Unit,,EHMAPR00441,TVA colectat 19% Bunuri,TVA deductibil 19% Bunuri,EVI_00052,
ROBINET AMESTECATOR TERMOSTATAT G3/4 inch M 521800 CST (3/4” Male connections with no fittings) Caleffi,Materii Prime Generale,product,,0,1,Unit,Unit,,EHMAPR00442,TVA colectat 19% Bunuri,TVA deductibil 19% Bunuri,EVI_00425,
"ROBINET BIANCHI din ALAMA cu SFERA, FLUTURE, RACORD OLANDEZ si GARNITURA pt APA FE-FI 1""-D1 40422003",Materii Prime Generale,product,,0,1,Unit,Unit,,EHMAPR00443,TVA colectat 19% Bunuri,TVA deductibil 19% Bunuri,E_00722,
"ROBINET CU FILTRU Y 3/4"" x 22 EVIN03EXT020",Materii Prime Generale,product,,0,1,Unit,Unit,,EHMAPR00444,TVA colectat 19% Bunuri,TVA deductibil 19% Bunuri,EVI_00201,
ROBINET DE SCURGERE PENTRU REZERVOR 519S015 (G1/2 inch),Materii Prime Generale,product,,0,1,Unit,Unit,,EHMAPR00445,TVA colectat 19% Bunuri,TVA deductibil 19% Bunuri,EVI_00023,
ROBINET SFERIC APA 3/4 cod FERRO KPP2D,Materii Prime Generale,product,,0,1,Unit,Unit,,EHMAPR00447,TVA colectat 19% Bunuri,TVA deductibil 19% Bunuri,E_31261,
SARMA SUDURA ALAMA BCU59ZN900,Materii Prime Generale,product,,0,1,Unit,Unit,,EHMAPR00448,TVA colectat 19% Bunuri,TVA deductibil 19% Bunuri,Mpr_00384,
SCHIMBATOR B85x60 /M 4x1-1/4 inch,Materii Prime Generale,product,,0,1,Unit,Unit,,EHMAPR00449,TVA colectat 19% Bunuri,TVA deductibil 19% Bunuri,EVI_00378,(+EVI_00500) Lipsa cod furnizor
SCHIMBATOR CALDURA 30 pl. B15THx30/1P-SC-Y 4x3/4 inch 15880-030,Materii Prime Generale,product,,0,1,Unit,Unit,,EHMAPR00450,TVA colectat 19% Bunuri,TVA deductibil 19% Bunuri,EVI_00266,
SCHIMBATOR CALDURA 30 pl. SWEP B85x30 / M (4x1 inch) 0247752.0,Materii Prime Generale,product,,0,1,Unit,Unit,,EHMAPR00451,TVA colectat 19% Bunuri,TVA deductibil 19% Bunuri,EVI_00377,
SCHIMBATOR CALDURA 40 pl. B15THx40/1P-SC-Y M (4x3/4 inch) (20) 15880-040,Materii Prime Generale,product,,0,1,Unit,Unit,,EHMAPR00452,TVA colectat 19% Bunuri,TVA deductibil 19% Bunuri,EVI_00304,
SCHIMBATOR CALDURA 40 pl. SWEP B85Hx40/1P-SC-M (4x1 inch) 0216731.0,Materii Prime Generale,product,,0,1,Unit,Unit,,EHMAPR00453,TVA colectat 19% Bunuri,TVA deductibil 19% Bunuri,EVI_00300,
SCHIMBATOR CALDURA 70 pl. SWEP B85Hx70/1P-SC-M (4x1-1/4 inch) 0216721.0,Materii Prime Generale,product,,0,1,Unit,Unit,,EHMAPR00454,TVA colectat 19% Bunuri,TVA deductibil 19% Bunuri,EVI_00301,
"SCHIMBATOR CALDURA ASIMETRIC 10 pl. E8AS N-Wx10 (Z10 G3/4"" 280) 18404-010",Materii Prime Generale,product,,0,1,Unit,Unit,,EHMAPR00455,TVA colectat 19% Bunuri,TVA deductibil 19% Bunuri,EVI_00251,
SCHIMBATOR CALDURA ASIMETRIC 20 pl. E8ASHx20/1P-SC-S 4x3/4 inch+conn 20mm 18404-020 (E8ASW-Nx20),Materii Prime Generale,product,,0,1,Unit,Unit,,EHMAPR00456,TVA colectat 19% Bunuri,TVA deductibil 19% Bunuri,EVI_00237,
SCHIMBATOR CALDURA ASIMETRIC 30 pl. E8ASHx30/1P-SC-S 4x3/4 inch+conn 20mm 18404-030 (E8ASW-Nx30),Materii Prime Generale,product,,0,1,Unit,Unit,,EHMAPR00457,TVA colectat 19% Bunuri,TVA deductibil 19% Bunuri,EVI_00231,
SCHIMBATOR CALDURA ASIMETRIC 40 pl. E8ASHx40/1P-SC-S 4x3/4 inch+conn 20mm 18404-040 (SWEP E8AS;280),Materii Prime Generale,product,,0,1,Unit,Unit,,EHMAPR00458,TVA colectat 19% Bunuri,TVA deductibil 19% Bunuri,EVI_00240,
SCHIMBATOR CALDURA ASIMETRIC-ROYAL 10 pl. E8LASHx10 18430-010,Materii Prime Generale,product,,0,1,Unit,Unit,,EHMAPR00459,TVA colectat 19% Bunuri,TVA deductibil 19% Bunuri,EVI_00329,
SCHIMBATOR CALDURA ASIMETRIC-ROYAL 20 pl. E8LAS N-Wx20 18430-020,Materii Prime Generale,product,,0,1,Unit,Unit,,EHMAPR00460,TVA colectat 19% Bunuri,TVA deductibil 19% Bunuri,EVI_00244,
"SCHIMBATOR CALDURA ASIMETRIC-ROYAL 30 pl. SWEP E8LASx30 (Z30 G3/4"" 280) 18430-030",Materii Prime Generale,product,,0,1,Unit,Unit,,EHMAPR00461,TVA colectat 19% Bunuri,TVA deductibil 19% Bunuri,EVI_00249,
"SCHIMBATOR CALDURA ASIMETRIC-ROYAL 40 pl. SWEP E8LASx40 (Z40 G3/4"" 278) 18430-040",Materii Prime Generale,product,,0,1,Unit,Unit,,EHMAPR00462,TVA colectat 19% Bunuri,TVA deductibil 19% Bunuri,EVI_00250,
"SCHIMBATOR CALDURA ASIMETRIC-ROYAL 50 pl. SWEP E8LASHx50 (Z50 G3/4"" 278) 18430-050",Materii Prime Generale,product,,0,1,Unit,Unit,,EHMAPR00463,TVA colectat 19% Bunuri,TVA deductibil 19% Bunuri,EVI_00248,
SCHIMBATOR CALDURA ASIMETRIC-ROYAL 54 pl. SWEP E8LASHx54/1P-SC-Y M4x3/4 inch 18430-054,Materii Prime Generale,product,,0,1,Unit,Unit,,EHMAPR00464,TVA colectat 19% Bunuri,TVA deductibil 19% Bunuri,EVI_00256,
SCHIMBATOR CALDURA ASIMETRIC-ROYAL 60 pl. SWEP E8LASHx60/1P-SC-S 4x3/4 inch 18430-060,Materii Prime Generale,product,,0,1,Unit,Unit,,EHMAPR00465,TVA colectat 19% Bunuri,TVA deductibil 19% Bunuri,EVI_00361,
SCHIMBATOR CALDURA ASIMETRIC-ROYAL 70 pl. SWEP E8LASHx70/1P-SC-Y M4x3/4 inch 18430-070,Materii Prime Generale,product,,0,1,Unit,Unit,,EHMAPR00466,TVA colectat 19% Bunuri,TVA deductibil 19% Bunuri,EVI_00254,
"SCHIMBATOR CALDURA B85Hx50/1P-SC-M 4x1"" (45 mm height)",Materii Prime Generale,product,,0,1,Unit,Unit,,EHMAPR00469,TVA colectat 19% Bunuri,TVA deductibil 19% Bunuri,Evi_00497,(+EVI_00321)
"SCHIMBATOR CALDURA B85Hx50/1P-SC-M 4x1-1/4""(45mm height) 0234330.0",Materii Prime Generale,product,,0,1,Unit,Unit,,EHMAPR00470,TVA colectat 19% Bunuri,TVA deductibil 19% Bunuri,EVI_00380, (+EVI_00498)
SCHIMBATOR CALDURA BHE ZB250 60P N.4 1 INCH INOX 17B2506004,Materii Prime Generale,product,,0,1,Unit,Unit,,EHMAPR00471,TVA colectat 19% Bunuri,TVA deductibil 19% Bunuri,EVI_00132,
SCHIMBATOR CALDURA BHE ZB250 80P N.4 1 INCH INOX 17B2508004,Materii Prime Generale,product,,0,1,Unit,Unit,,EHMAPR00472,TVA colectat 19% Bunuri,TVA deductibil 19% Bunuri,EVI_00136,
SCHIMBATOR CALDURA SIMETRIC 10 pl. E8THx10/1P-SC-S 4x3/4 inch+conn 20mm 18057-010,Materii Prime Generale,product,,0,1,Unit,Unit,,EHMAPR00473,TVA colectat 19% Bunuri,TVA deductibil 19% Bunuri,EVI_00235,
"SCHIMBATOR CALDURA SIMETRIC 16 pl. E6Tx16 Lipsa cod furnizor (4x3/4"")",Materii Prime Generale,product,,0,1,Unit,Unit,,EHMAPR00474,TVA colectat 19% Bunuri,TVA deductibil 19% Bunuri,EVI_00410,
SCHIMBATOR CALDURA SIMETRIC 20 pl. E8THx20/1P-SC-S 4x3/4 inch+conn 20mm 18057-020,Materii Prime Generale,product,,0,1,Unit,Unit,,EHMAPR00476,TVA colectat 19% Bunuri,TVA deductibil 19% Bunuri,EVI_00234,
"SCHIMBATOR CALDURA SIMETRIC 32 pl. E6Tx32 (4x3/4"") 18125-032",Materii Prime Generale,product,,0,1,Unit,Unit,,EHMAPR00477,TVA colectat 19% Bunuri,TVA deductibil 19% Bunuri,EVI_00417,
"SCHIMBATOR CALDURA SIMETRIC 40 pl. E6Tx40 Lipsa cod furnizor (4x3/4"")",Materii Prime Generale,product,,0,1,Unit,Unit,,EHMAPR00478,TVA colectat 19% Bunuri,TVA deductibil 19% Bunuri,EVI_00420,
SCHIMBATOR CALDURA SIMETRIC 40 pl. E8THx40/1P-SC-S 4x3/4 inch+conn 20mm 18057-040,Materii Prime Generale,product,,0,1,Unit,Unit,,EHMAPR00479,TVA colectat 19% Bunuri,TVA deductibil 19% Bunuri,EVI_00236,
SCHIMBATOR CALDURA ZB315 40 placi 17B3154004,Materii Prime Generale,product,,0,1,Unit,Unit,,EHMAPR00480,TVA colectat 19% Bunuri,TVA deductibil 19% Bunuri,EVI_00039,
"SEMIOLANDEZA CU DR D28-G1"" EVINOX ( inlocuieste E 31243 )",Materii Prime Generale,product,,0,1,Unit,Unit,,EHMAPR00482,TVA colectat 19% Bunuri,TVA deductibil 19% Bunuri,E_00099,
SEMIOLANDEZA D15x3/8 inch DREPT 3201538000,Materii Prime Generale,product,,0,1,Unit,Unit,,EHMAPR00484,TVA colectat 19% Bunuri,TVA deductibil 19% Bunuri,E_00729,
"SEMIOLANDEZA D18x1/2""(12.7 mm) drept lipire",Materii Prime Generale,product,,0,1,Unit,Unit,,EHMAPR00486,TVA colectat 19% Bunuri,TVA deductibil 19% Bunuri,E_200017,
SEMIOLANDEZA D28 G1-1/2 inch,Materii Prime Generale,product,,0,1,Unit,Unit,,EHMAPR00488,TVA colectat 19% Bunuri,TVA deductibil 19% Bunuri,E_31244,
"SEMIOLANDEZA D28x1"" cu FLANSA pentru O-RING Hecapo 3002810000",Materii Prime Generale,product,,0,1,Unit,Unit,,EHMAPR00489,TVA colectat 19% Bunuri,TVA deductibil 19% Bunuri,EVI_00376,
SEMIOLANDEZA D28x1-1/4 inch  ,Materii Prime Generale,product,,0,1,Unit,Unit,,EHMAPR00490,TVA colectat 19% Bunuri,TVA deductibil 19% Bunuri,E_00531,Inlocuieste EVI_00299
"SEMIOLANDEZA D35 1-1/4""",Materii Prime Generale,product,,0,1,Unit,Unit,,EHMAPR00491,TVA colectat 19% Bunuri,TVA deductibil 19% Bunuri,E_31242,
"SEMIOLANDEZA G 1/2"" 15",Materii Prime Generale,product,,0,1,Unit,Unit,,EHMAPR00493,TVA colectat 19% Bunuri,TVA deductibil 19% Bunuri,E_00149,
"SEMIOLANDEZA G 1/2"" 18",Materii Prime Generale,product,,0,1,Unit,Unit,,EHMAPR00494,TVA colectat 19% Bunuri,TVA deductibil 19% Bunuri,E_00224,
"SEMIOLANDEZA G1"" D22",Materii Prime Generale,product,,0,1,Unit,Unit,,EHMAPR00495,TVA colectat 19% Bunuri,TVA deductibil 19% Bunuri,E_00745, Lipsa Cod Producator
"SEMIOLANDEZA G1"" xD18 3221810000",Materii Prime Generale,product,,0,1,Unit,Unit,,EHMAPR00496,TVA colectat 19% Bunuri,TVA deductibil 19% Bunuri,EVI_00363,
SEMIOLANDEZA G1-1/2 inch D35mm,Materii Prime Generale,product,,0,1,Unit,Unit,,EHMAPR00497,TVA colectat 19% Bunuri,TVA deductibil 19% Bunuri,E_00546,
"SEMIOLANDEZA G1-1/2"" D42",Materii Prime Generale,product,,0,1,Unit,Unit,,EHMAPR00498,TVA colectat 19% Bunuri,TVA deductibil 19% Bunuri,E_00426,
SEMIOLANDEZA G1-1/4 inch D22,Materii Prime Generale,product,,0,1,Unit,Unit,,EHMAPR00499,TVA colectat 19% Bunuri,TVA deductibil 19% Bunuri,E_00741, Lipsa Cod Producator
"SEMIOLANDEZA G2"" D42",Materii Prime Generale,product,,0,1,Unit,Unit,,EHMAPR00500,TVA colectat 19% Bunuri,TVA deductibil 19% Bunuri,E_00427,Lipsa Cod Furnizor
"SEMIOLANDEZA G3/4"" D22",Materii Prime Generale,product,,0,1,Unit,Unit,,EHMAPR00501,TVA colectat 19% Bunuri,TVA deductibil 19% Bunuri,E_00685, Lipsa Cod Producator
"SEMIOLANDEZA G3/4"" D28",Materii Prime Generale,product,,0,1,Unit,Unit,,EHMAPR00502,TVA colectat 19% Bunuri,TVA deductibil 19% Bunuri,E_00561, Lipsa Cod Producator
SENZOR DEBIT HUBA FLOW SENZOR DN10xG3/4 inch HUBA TYPE 200 DN10 1.8-32L/MIN 200.910101G DN10,Materii Prime Generale,product,,0,1,Unit,Unit,,EHMAPR00503,TVA colectat 19% Bunuri,TVA deductibil 19% Bunuri,EVI_00491,
SENZOR DEBIT HUBA FLOW SENZOR DN20 HUBA TYPE 200.920101K DN20,Materii Prime Generale,product,,0,1,Unit,Unit,,EHMAPR00504,TVA colectat 19% Bunuri,TVA deductibil 19% Bunuri,EVI_200010,
SENZOR DEBIT HUBA FLOW SENZOR DN8xG3/4 inch HUBA TYPE 200 DN8 0.9-15L/MIN 200.908101G DN8,Materii Prime Generale,product,,0,1,Unit,Unit,,EHMAPR00505,TVA colectat 19% Bunuri,TVA deductibil 19% Bunuri,EVI_00490,
SENZOR DEBIT SIKA G1 inch VY2060MAEVINO02 (VTY20),Materii Prime Generale,product,,0,1,Unit,Unit,,EHMAPR00506,TVA colectat 19% Bunuri,TVA deductibil 19% Bunuri,EVI_00416,
SENZOR DEBIT SIKA G3/4 inch VY1030K5EVINO01 (VTY10),Materii Prime Generale,product,,0,1,Unit,Unit,,EHMAPR00507,TVA colectat 19% Bunuri,TVA deductibil 19% Bunuri,EVI_00390,
SENZOR UFH 2240551,Materii Prime Generale,product,,0,1,Unit,Unit,,EHMAPR00508,TVA colectat 19% Bunuri,TVA deductibil 19% Bunuri,EVI_00115,
SENZOR/B8 TSK20A 0213 (senzor pt. tevi D21-D76; are panduit propriu pt. fixare pe teava),Materii Prime Generale,product,,0,1,Unit,Unit,,EHMAPR00509,TVA colectat 19% Bunuri,TVA deductibil 19% Bunuri,EVI_00160,
"SET ACCESORII pt.TUB FLEXIBIL pt. RACORD APA INOX(2 Piulite,2 Flanse,2 Garn.) HIDRA 3/4""-F1 50990031",Materii Prime Generale,product,,0,1,Unit,Unit,,EHMAPR00510,TVA colectat 19% Bunuri,TVA deductibil 19% Bunuri,E_00725,
SINA OMEGA 27x35x8 lipsa cod producator (CE-00),Materii Prime Generale,product,,0,1,Unit,Unit,,EHMAPR00513,TVA colectat 19% Bunuri,TVA deductibil 19% Bunuri,E_00456,
SPIGOT (ADAPTOR 22MM UNVENTED KIT) 998020022,Materii Prime Generale,product,,0,1,Unit,Unit,,EHMAPR00515,TVA colectat 19% Bunuri,TVA deductibil 19% Bunuri,EVI_00149,
SPIGOT VANA IZOLARE (SPIGOT IS. V. w/butt.)1 inch Fx1 inch F EVIN17C025 (C.T.NO. 84818081)(Art.17C),Materii Prime Generale,product,,0,1,Unit,Unit,,EHMAPR00516,TVA colectat 19% Bunuri,TVA deductibil 19% Bunuri,EVI_00468,
SUPAPA DE SIGURANTA G 1/2 INCH SRV03540505003,Materii Prime Generale,product,,0,1,Unit,Unit,,EHMAPR00519,TVA colectat 19% Bunuri,TVA deductibil 19% Bunuri,EVI_00059,
SUPAPA DE SIGURANTA G 3/4 INCH SRVG353SW05003.1 (HIU 2018),Materii Prime Generale,product,,0,1,Unit,Unit,,EHMAPR00520,TVA colectat 19% Bunuri,TVA deductibil 19% Bunuri,EVI_00381,
SUPAPA DE SIGURANTA M-F 1/2 inch 3 bar with pressure gauge connection 314432 CST Caleffi,Materii Prime Generale,product,,0,1,Unit,Unit,,EHMAPR00521,TVA colectat 19% Bunuri,TVA deductibil 19% Bunuri,EVI_00426,Inlocuieste EVI_59
SUPORT SIGURANTA PE SINA WK4/THSI5U (5790453550),Materii Prime Generale,product,,0,1,Unit,Unit,,EHMAPR00522,TVA colectat 19% Bunuri,TVA deductibil 19% Bunuri,E_00281,
SURUB CAP HEXAGONAL DIN 933-8.8 M12x30 ZA-50Units/cutie,Materii Prime Generale,product,,0,1,Unit,Unit,,EHMAPR00523,TVA colectat 19% Bunuri,TVA deductibil 19% Bunuri,E_200102,
SURUB CU CAP DE GULER DIN6921-8.8 M8X20 ZA - 25Units/cutie,Materii Prime Generale,product,,0,1,Unit,Unit,,EHMAPR00524,TVA colectat 19% Bunuri,TVA deductibil 19% Bunuri,E_200196,
SURUB CU CAP HEXAGONAL DIN 933-8.8 M12x40 ZA-50Units/Cutie,Materii Prime Generale,product,,0,1,Unit,Unit,,EHMAPR00525,TVA colectat 19% Bunuri,TVA deductibil 19% Bunuri,E_200321,
SURUB PENTRU PAL SI LEMN CAP INECAT 5x40 ZG PZ2 - 500Units/cutie,Materii Prime Generale,product,,0,1,Unit,Unit,,EHMAPR00529,TVA colectat 19% Bunuri,TVA deductibil 19% Bunuri,E_200198,
SURUB PENTRU TABLA CAP BOMBAT DIN 7981C 4.2x9.5 ZA PH2-1000Units/cutie,Materii Prime Generale,product,,0,1,Unit,Unit,,EHMAPR00530,TVA colectat 19% Bunuri,TVA deductibil 19% Bunuri,E_200103,
SURUB PENTRU TABLA CAP BOMBAT DIN 7981C 5.5x16 ZA PH3-500Units/cutie,Materii Prime Generale,product,,0,1,Unit,Unit,,EHMAPR00531,TVA colectat 19% Bunuri,TVA deductibil 19% Bunuri,E_200105,
TASSERON PROBE SENSOR NTC (Senzor Imersie In Boiler) TSK10E4 (=Senzor + Cablu),Materii Prime Generale,product,,0,1,Unit,Unit,,EHMAPR00532,TVA colectat 19% Bunuri,TVA deductibil 19% Bunuri,EVI_00028,
TEAVA CUPRU CU-DLP HA 15x 1x 4500 E,Materii Prime Generale,product,,0,1,m,m,,EHMAPR00537,TVA colectat 19% Bunuri,TVA deductibil 19% Bunuri,E_00700,
TEAVA CUPRU D15x0.7,Materii Prime Generale,product,,0,1,m,m,,EHMAPR00538,TVA colectat 19% Bunuri,TVA deductibil 19% Bunuri,E_00516,Lipsa Cod Furnizor
TEAVA CUPRU DHP MOALE 18x 1x 4000mm EN 1057,Materii Prime Generale,product,,0,1,m,m,,EHMAPR00539,TVA colectat 19% Bunuri,TVA deductibil 19% Bunuri,E_08050,
TEAVA CUPRU FI 42x 1 FEINROHREN,Materii Prime Generale,product,,0,1,m,m,,EHMAPR00541,TVA colectat 19% Bunuri,TVA deductibil 19% Bunuri,E_00422,
TEAVA CUPRU FI35x 1,Materii Prime Generale,product,,0,1,m,m,,EHMAPR00542,TVA colectat 19% Bunuri,TVA deductibil 19% Bunuri,E_00206,
TEAVA CUPRU MOALE CU-DLP HA 10x1,Materii Prime Generale,product,,0,1,m,m,,EHMAPR00544,TVA colectat 19% Bunuri,TVA deductibil 19% Bunuri,Mpr_03309,
TEAVA CUPRU SEMIDURA 22x 0.7 FEINROHREN E,Materii Prime Generale,product,,0,1,m,m,,EHMAPR00545,TVA colectat 19% Bunuri,TVA deductibil 19% Bunuri,E_08025,
TERMOSTAT DE AVARIE Fantini Cosmi,Materii Prime Generale,product,,0,1,Unit,Unit,,EHMAPR00546,TVA colectat 19% Bunuri,TVA deductibil 19% Bunuri,E_00948,
TESNIT BA U 3x1500x1500 MATERIAL GARNITURI,Materii Prime Generale,product,,0,1,Unit,Unit,,EHMAPR00547,TVA colectat 19% Bunuri,TVA deductibil 19% Bunuri,E_00712,
TEU CU F-F-F Ø28xØ15xØ28,Materii Prime Generale,product,,0,1,Unit,Unit,,EHMAPR00551,TVA colectat 19% Bunuri,TVA deductibil 19% Bunuri,E_00733,
TEU F-F-F Ø28/Ø22/Ø28,Materii Prime Generale,product,,0,1,Unit,Unit,,EHMAPR00558,TVA colectat 19% Bunuri,TVA deductibil 19% Bunuri,E_00576,
TEU F-F-F Ø28/Ø28/Ø18,Materii Prime Generale,product,,0,1,Unit,Unit,,EHMAPR00559,TVA colectat 19% Bunuri,TVA deductibil 19% Bunuri,E_00106,
TEU F-F-F Ø28/Ø28/Ø28,Materii Prime Generale,product,,0,1,Unit,Unit,,EHMAPR00560,TVA colectat 19% Bunuri,TVA deductibil 19% Bunuri,E_00102,
TEU F-M-F Ø28/Ø28/Ø18,Materii Prime Generale,product,,0,1,Unit,Unit,,EHMAPR00561,TVA colectat 19% Bunuri,TVA deductibil 19% Bunuri,E_00577,
TEU REDUS CU Ø28xØ18xØ28 ( F-F-F ),Materii Prime Generale,product,,0,1,Unit,Unit,,EHMAPR00562,TVA colectat 19% Bunuri,TVA deductibil 19% Bunuri,E_00170,
TIJA FILETATA M4 Zincata,Materii Prime Generale,product,,0,1,Unit,Unit,,EHMAPR00564,TVA colectat 19% Bunuri,TVA deductibil 19% Bunuri,Mpr_07612,
TIJA FILETATA M8 ZINCATA ( L=1m ),Materii Prime Generale,product,,0,1,Unit,Unit,,EHMAPR00565,TVA colectat 19% Bunuri,TVA deductibil 19% Bunuri,E_00071,
TIJE ROBINET ALAMA COLABORARI,Materii Prime Generale,product,,0,1,Unit,Unit,,EHMAPR00566,TVA colectat 19% Bunuri,TVA deductibil 19% Bunuri,Evi_00503,
TRADUCTOR PRESIUNE HUBA CONTROL 163 (505.91570) (Senzor),Materii Prime Generale,product,,0,1,Unit,Unit,,EHMAPR00567,TVA colectat 19% Bunuri,TVA deductibil 19% Bunuri,EVI_00057,Impreuna Cu EVI_00129 + E_00087
TRADUCTOR TEMPERATURA CLIP 10K 18MM MOLEX TSCOAIO (senzor pt. tevi D18),Materii Prime Generale,product,,0,1,Unit,Unit,,EHMAPR00568,TVA colectat 19% Bunuri,TVA deductibil 19% Bunuri,EVI_00029,
TRADUCTOR TEMPERATURA CLIP 10K 28MM MOLEX TSCOASO (senzor pt. tevi D28),Materii Prime Generale,product,,0,1,Unit,Unit,,EHMAPR00569,TVA colectat 19% Bunuri,TVA deductibil 19% Bunuri,EVI_00030,
TUB FLEXIBIL pt. RACORD APA INOX L.4M PN10 DN.16-F1 50990029,Materii Prime Generale,product,,0,1,m,m,,EHMAPR00570,TVA colectat 19% Bunuri,TVA deductibil 19% Bunuri,E_00718,
TUB TERMOCONTRACTABIL 2.4MM RTERM,Materii Prime Generale,product,,0,1,m,m,,EHMAPR00571,TVA colectat 19% Bunuri,TVA deductibil 19% Bunuri,E_00081,
TUB TERMOCONTRACTABIL 4MM/2MM 32-850,Materii Prime Generale,product,,0,1,m,m,,EHMAPR00573,TVA colectat 19% Bunuri,TVA deductibil 19% Bunuri,E_00248,
UNITSA 1/4 inch ROBINET GOLIRE (Drain cock),Materii Prime Generale,product,,0,1,Unit,Unit,,EHMAPR00574,TVA colectat 19% Bunuri,TVA deductibil 19% Bunuri,E_00650,
UNITSA AERISITOR G1/8 INCH ALAMA ( NINGBO ),Materii Prime Generale,product,,0,1,Unit,Unit,,EHMAPR00575,TVA colectat 19% Bunuri,TVA deductibil 19% Bunuri,EVI_00296,
UNITSA PIULITA G1-1/2 INCH D28 ALAMA ( NINGBO ),Materii Prime Generale,product,,0,1,Unit,Unit,,EHMAPR00576,TVA colectat 19% Bunuri,TVA deductibil 19% Bunuri,EVI_00294,
UNITSA S1 alama,Materii Prime Generale,product,,0,1,Unit,Unit,,EHMAPR00577,TVA colectat 19% Bunuri,TVA deductibil 19% Bunuri,E_200108,
UNITSA S1 M10x1 D16x25 (Heat Meter),Materii Prime Generale,product,,0,1,Unit,Unit,,EHMAPR00578,TVA colectat 19% Bunuri,TVA deductibil 19% Bunuri,E_00646,
"UnitsSA PIULITA G1-1/4"" D39x20 ( pt. KIT PRESIUNE =Unvented Kit )",Materii Prime Generale,product,,0,1,Unit,Unit,,EHMAPR00579,TVA colectat 19% Bunuri,TVA deductibil 19% Bunuri,FAB_00002,
UNVENTED KIT MANIFOLD 22 MM UVGS21822210,Materii Prime Generale,product,,0,1,Unit,Unit,,EHMAPR00580,TVA colectat 19% Bunuri,TVA deductibil 19% Bunuri,EVI_00060,
"VALVA FRESE EVINOX OPTIMA COMPACT DN25 ( M G1-1/4"" ) 3609 LPH.SLDPRT 3609 l/h 53-1313",Materii Prime Generale,product,,0,1,Unit,Unit,,EHMAPR00582,TVA colectat 19% Bunuri,TVA deductibil 19% Bunuri,EVI_00291,
VALVA FRESE F/F DN15 575 l/h ( G1/2 inch ) 53-1344,Materii Prime Generale,product,,0,1,Unit,Unit,,EHMAPR00586,TVA colectat 19% Bunuri,TVA deductibil 19% Bunuri,EVI_00383,
VALVA FRESE F/F DN20 1600 l/h ( G3/4 inch ) 53-1318,Materii Prime Generale,product,,0,1,Unit,Unit,,EHMAPR00587,TVA colectat 19% Bunuri,TVA deductibil 19% Bunuri,EVI_00382,
"VALVA FRESE OPTIMA COMPACT DN15 M/M High 5.0 3/4"" (1330 l/h)",Materii Prime Generale,product,,0,1,Unit,Unit,,EHMAPR00588,TVA colectat 19% Bunuri,TVA deductibil 19% Bunuri,EVI_00350,
"VALVA FRESE OPTIMA COMPACT DN15 M3/4"" 200LPH (200 l/h)",Materii Prime Generale,product,,0,1,Unit,Unit,,EHMAPR00589,TVA colectat 19% Bunuri,TVA deductibil 19% Bunuri,EVI_00241,
"VALVA FRESE OPTIMA COMPACT DN15 M3/4"" 575LPH (575 l/h)",Materii Prime Generale,product,,0,1,Unit,Unit,,EHMAPR00590,TVA colectat 19% Bunuri,TVA deductibil 19% Bunuri,EVI_00246,
"VALVA HONEYWELL CU DOUA CAI VSOF-225-5.5P 1-1/4""",Materii Prime Generale,product,,0,1,Unit,Unit,,EHMAPR00591,TVA colectat 19% Bunuri,TVA deductibil 19% Bunuri,EVI_00471,
"VALVA HONEYWELL CU TREI CAI VCZMQ6000/E 1""",Materii Prime Generale,product,,0,1,Unit,Unit,,EHMAPR00592,TVA colectat 19% Bunuri,TVA deductibil 19% Bunuri,EVI_00290,Cu EVI 00286+cablul J23+Boiler; Inlocuieste EVI 00055
VALVA PENTRU MASINA DE SPALAT,Materii Prime Generale,product,,0,1,Unit,Unit,,EHMAPR00593,TVA colectat 19% Bunuri,TVA deductibil 19% Bunuri,E_200282,
"VALVA PRESIUNE SI TEMPERATURA (FS) 3/4""x22 TP25450570",Materii Prime Generale,product,,0,1,Unit,Unit,,EHMAPR00594,TVA colectat 19% Bunuri,TVA deductibil 19% Bunuri,EVI_00062,
VANA CU FILTRU (Y) (STRAINER IS. V. w/butt.)1 inch Fx1 inch F EVIN16C025 (C.T.NO. 84818081)(Art.16C),Materii Prime Generale,product,,0,1,Unit,Unit,,EHMAPR00595,TVA colectat 19% Bunuri,TVA deductibil 19% Bunuri,EVI_00470,
VAS EXPANSIUNE 12L APA RECE (ALBASTRU) 11A0001210,Materii Prime Generale,product,,0,1,Unit,Unit,,EHMAPR00597,TVA colectat 19% Bunuri,TVA deductibil 19% Bunuri,EVI_00048,
VAS EXPANSIUNE 12L APA RECE (ALBASTRU) ZILMET,Materii Prime Generale,product,,0,1,Unit,Unit,,EHMAPR00598,TVA colectat 19% Bunuri,TVA deductibil 19% Bunuri,Evi_00389,
VAS EXPANSIUNE 12L CAL-PRO APA CALDA (ROSU) 13000001200,Materii Prime Generale,product,,0,1,Unit,Unit,,EHMAPR00599,TVA colectat 19% Bunuri,TVA deductibil 19% Bunuri,EVI_00164,
VAS EXPANSIUNE 18L APA CALDA (ROSU)-ZILIO,Materii Prime Generale,product,,0,1,Unit,Unit,,EHMAPR00600,TVA colectat 19% Bunuri,TVA deductibil 19% Bunuri,EVI_00278,Lipsa cod Furnizor
VAS EXPANSIUNE 18L APA RECE (ALBASTRU) 11A0001817,Materii Prime Generale,product,,0,1,Unit,Unit,,EHMAPR00601,TVA colectat 19% Bunuri,TVA deductibil 19% Bunuri,EVI_00043,
VAS EXPANSIUNE 18L APA RECE (ALBASTRU) ZILMET,Materii Prime Generale,product,,0,1,Unit,Unit,,EHMAPR00602,TVA colectat 19% Bunuri,TVA deductibil 19% Bunuri,EVI_00402,
VAS EXPANSIUNE 24L APA RECE (ALBASTRU) 11A0002419,Materii Prime Generale,product,,0,1,Unit,Unit,,EHMAPR00603,TVA colectat 19% Bunuri,TVA deductibil 19% Bunuri,EVI_00044,
VAS EXPANSIUNE 24L APA RECE (ALBASTRU) ZILMET,Materii Prime Generale,product,,0,1,Unit,Unit,,EHMAPR00604,TVA colectat 19% Bunuri,TVA deductibil 19% Bunuri,EVI_00401,
VAS EXPANSIUNE 8L APA RECE (ALBASTRU) 11A0000811,Materii Prime Generale,product,,0,1,Unit,Unit,,EHMAPR00605,TVA colectat 19% Bunuri,TVA deductibil 19% Bunuri,EVI_00094,
"VAS EXPANSIUNE 8L PLAT- VRP220-8 3/8""x18 90° 1BAR H80 ZIEGD0IZB31I6",Materii Prime Generale,product,,0,1,Unit,Unit,,EHMAPR00606,TVA colectat 19% Bunuri,TVA deductibil 19% Bunuri,EVI_00385,
VAS EXPANSIUNE APA CALDA (FS) PLAT 8L 13C0000807 VCP392-8,Materii Prime Generale,product,,0,1,Unit,Unit,,EHMAPR00607,TVA colectat 19% Bunuri,TVA deductibil 19% Bunuri,EVI_00046,Impreuna cu EVI_00150
VAS EXPANSIUNE APA CALDA (FS) PLAT 8L ZILMET,Materii Prime Generale,product,,0,1,Unit,Unit,,EHMAPR00608,TVA colectat 19% Bunuri,TVA deductibil 19% Bunuri,Evi_00391,
VAS EXPANSIUNE APA CALDA 10 L(ROSU)-PLAT ZILMET,Materii Prime Generale,product,,0,1,Unit,Unit,,EHMAPR00610,TVA colectat 19% Bunuri,TVA deductibil 19% Bunuri,EVI_00403,
VAS EXPANSIUNE APA CALDA 12 L EVINOX(ROSU) OEM PRO 492x203x170 3/4G 0 Bx1,Materii Prime Generale,product,,0,1,Unit,Unit,,EHMAPR00611,TVA colectat 19% Bunuri,TVA deductibil 19% Bunuri,Evi_00214,
VAS EXPANSIUNE APA CALDA 25 L EVINOX(ROSU) 4BAR CEP1.5,Materii Prime Generale,product,,0,1,Unit,Unit,,EHMAPR00612,TVA colectat 19% Bunuri,TVA deductibil 19% Bunuri,EVI_00213,
"VAS EXPANSIUNE APA CALDA 5 L VR5 5-3/4"" ZILIO (ROSU) AADRE00R01BA1",Materii Prime Generale,product,,0,1,Unit,Unit,,EHMAPR00613,TVA colectat 19% Bunuri,TVA deductibil 19% Bunuri,EVI_00288,Impreuna cu E_00525
VAS EXPANSIUNE APA CALDA 8 L CAL-PRO 1300000800 (rosu) (VR8),Materii Prime Generale,product,,0,1,Unit,Unit,,EHMAPR00614,TVA colectat 19% Bunuri,TVA deductibil 19% Bunuri,EVI_00042,
VAS EXPANSIUNE APA CALDA FS (PLAT) 14L 13B6001400,Materii Prime Generale,product,,0,1,Unit,Unit,,EHMAPR00615,TVA colectat 19% Bunuri,TVA deductibil 19% Bunuri,EVI_00047,
VAS EXPANSIUNE APA CALDA FS (PLAT) 14L 13B6001400 ZILMET,Materii Prime Generale,product,,0,1,Unit,Unit,,EHMAPR00616,TVA colectat 19% Bunuri,TVA deductibil 19% Bunuri,EVI_00400,
"VAS EXPANSIUNE APA CALDA PLAT 8L (3/8"")-VRP200-8 AAEGDOHZA32A0",Materii Prime Generale,product,,0,1,Unit,Unit,,EHMAPR00617,TVA colectat 19% Bunuri,TVA deductibil 19% Bunuri,EVI_00348,Impreuna cu EVI_00150
"VERGELE SUDURA CuP 2mm (BrazeTec S93, DIN EN1044) (Cupru-Fosfor)",Materii Prime Generale,product,,0,1,Unit,Unit,,EHMAPR00618,TVA colectat 19% Bunuri,TVA deductibil 19% Bunuri,E_00342,
VERTICALA SPATE 1170x502mm Izolatie CHHC,Materii Prime Generale,product,,0,1,Unit,Unit,,EHMAPR00619,TVA colectat 19% Bunuri,TVA deductibil 19% Bunuri,E_00765,
EVINOX MODUSAT CHHC-W7A-1A-070R2/1B,Produse Finite,product,,1,0,Unit,Unit,,EHPRFI00001,TVA colectat 19% Bunuri,TVA deductibil 19% Bunuri,CHHC-W7A-1A-070R2/1B,
EVINOX MODUSAT CHHC-W7R-1A-4R1-T5/PX (K603),Produse Finite,product,,1,0,Unit,Unit,,EHPRFI00002,TVA colectat 19% Bunuri,TVA deductibil 19% Bunuri,CHHC-W7R-1A-4R1-T5/PX (K603),
EVINOX MODUSAT CHHC-W7R2-1A-7R-T5/PX (K603),Produse Finite,product,,1,0,Unit,Unit,,EHPRFI00003,TVA colectat 19% Bunuri,TVA deductibil 19% Bunuri,CHHC-W7R2-1A-7R-T5/PX (K603),
EVINOX MODUSAT CHHC-W7R2-2R-5R1-T1/1A,Produse Finite,product,,1,0,Unit,Unit,,EHPRFI00004,TVA colectat 19% Bunuri,TVA deductibil 19% Bunuri,CHHC-W7R2-2R-5R1-T1/1A,
EVINOX MODUSAT CHHC-W7R2-4R-5B-T1/1A,Produse Finite,product,,1,0,Unit,Unit,,EHPRFI00005,TVA colectat 19% Bunuri,TVA deductibil 19% Bunuri,CHHC-W7R2-4R-5B-T1/1A,
EVINOX MODUSAT CHHC-W7R2-6R-4B2/1A,Produse Finite,product,,1,0,Unit,Unit,,EHPRFI00006,TVA colectat 19% Bunuri,TVA deductibil 19% Bunuri,CHHC-W7R2-6R-4B2/1A,
EVINOX MODUSAT CTP3R-1A-BL4/1A,Produse Finite,product,,1,0,Unit,Unit,,EHPRFI00007,TVA colectat 19% Bunuri,TVA deductibil 19% Bunuri,CTP3R-1A-BL4/1A,
EVINOX MODUSAT CTP3R-1A-TL5/GC,Produse Finite,product,,1,0,Unit,Unit,,EHPRFI00008,TVA colectat 19% Bunuri,TVA deductibil 19% Bunuri,CTP3R-1A-TL5/GC,
EVINOX MODUSAT CTP3R-1R-TL1/1A,Produse Finite,product,,1,0,Unit,Unit,,EHPRFI00009,TVA colectat 19% Bunuri,TVA deductibil 19% Bunuri,CTP3R-1R-TL1/1A,
EVINOX MODUSAT CTP3R-2A-BL4/1A,Produse Finite,product,,1,0,Unit,Unit,,EHPRFI00010,TVA colectat 19% Bunuri,TVA deductibil 19% Bunuri,CTP3R-2A-BL4/1A,
EVINOX MODUSAT CTP3R-2R-TL1/1A,Produse Finite,product,,1,0,Unit,Unit,,EHPRFI00011,TVA colectat 19% Bunuri,TVA deductibil 19% Bunuri,CTP3R-2R-TL1/1A,
EVINOX MODUSAT CTP3R-3B-TL5/1A,Produse Finite,product,,1,0,Unit,Unit,,EHPRFI00012,TVA colectat 19% Bunuri,TVA deductibil 19% Bunuri,CTP3R-3B-TL5/1A,
EVINOX MODUSAT CTP4R-1A-TL1/1A,Produse Finite,product,,1,0,Unit,Unit,,EHPRFI00013,TVA colectat 19% Bunuri,TVA deductibil 19% Bunuri,CTP4R-1A-TL1/1A,
EVINOX MODUSAT CTP4R-1A-TL5/GC,Produse Finite,product,,1,0,Unit,Unit,,EHPRFI00014,TVA colectat 19% Bunuri,TVA deductibil 19% Bunuri,CTP4R-1A-TL5/GC,
EVINOX MODUSAT CTP4R-1R-TL1/1A,Produse Finite,product,,1,0,Unit,Unit,,EHPRFI00015,TVA colectat 19% Bunuri,TVA deductibil 19% Bunuri,CTP4R-1R-TL1/1A,
EVINOX MODUSAT CTP4R-2R-TL1/1A,Produse Finite,product,,1,0,Unit,Unit,,EHPRFI00016,TVA colectat 19% Bunuri,TVA deductibil 19% Bunuri,CTP4R-2R-TL1/1A,
EVINOX MODUSAT CTP4R-3B-TL5/GC,Produse Finite,product,,1,0,Unit,Unit,,EHPRFI00017,TVA colectat 19% Bunuri,TVA deductibil 19% Bunuri,CTP4R-3B-TL5/GC,
EVINOX MODUSAT CTP4R-7R-TL1/1A,Produse Finite,product,,1,0,Unit,Unit,,EHPRFI00018,TVA colectat 19% Bunuri,TVA deductibil 19% Bunuri,CTP4R-7R-TL1/1A,
EVINOX MODUSAT CTP7R-1A-TL5/GC,Produse Finite,product,,1,0,Unit,Unit,,EHPRFI00020,TVA colectat 19% Bunuri,TVA deductibil 19% Bunuri,CTP7R-1A-TL5/GC,
EVINOX MODUSAT CTP7R-1R-TL1/1A,Produse Finite,product,,1,0,Unit,Unit,,EHPRFI00021,TVA colectat 19% Bunuri,TVA deductibil 19% Bunuri,CTP7R-1R-TL1/1A,
EVINOX MODUSAT CTP7R2-1A-TL1,Produse Finite,product,,1,0,Unit,Unit,,EHPRFI00022,TVA colectat 19% Bunuri,TVA deductibil 19% Bunuri,CTP7R2-1A-TL1,
EVINOX MODUSAT CTP7R2-1A-TL5/GC,Produse Finite,product,,1,0,Unit,Unit,,EHPRFI00023,TVA colectat 19% Bunuri,TVA deductibil 19% Bunuri,CTP7R2-1A-TL5/GC,
EVINOX MODUSAT CTP7R2-1R-TL1/1A,Produse Finite,product,,1,0,Unit,Unit,,EHPRFI00024,TVA colectat 19% Bunuri,TVA deductibil 19% Bunuri,CTP7R2-1R-TL1/1A,
EVINOX MODUSAT CTP7R2-2R-TL1/1A,Produse Finite,product,,1,0,Unit,Unit,,EHPRFI00025,TVA colectat 19% Bunuri,TVA deductibil 19% Bunuri,CTP7R2-2R-TL1/1A,
EVINOX MODUSAT CTP7R2-2R-TL1/GC,Produse Finite,product,,1,0,Unit,Unit,,EHPRFI00026,TVA colectat 19% Bunuri,TVA deductibil 19% Bunuri,CTP7R2-2R-TL1/GC,
EVINOX MODUSAT CTP7R2-4A-TL5/GC,Produse Finite,product,,1,0,Unit,Unit,,EHPRFI00027,TVA colectat 19% Bunuri,TVA deductibil 19% Bunuri,CTP7R2-4A-TL5/GC,
EVINOX MODUSAT CTP7R-2A-TL5/GC,Produse Finite,product,,1,0,Unit,Unit,,EHPRFI00028,TVA colectat 19% Bunuri,TVA deductibil 19% Bunuri,CTP7R-2A-TL5/GC,
EVINOX MODUSAT CTP7R-2R-TL1/1A,Produse Finite,product,,1,0,Unit,Unit,,EHPRFI00029,TVA colectat 19% Bunuri,TVA deductibil 19% Bunuri,CTP7R-2R-TL1/1A,
EVINOX MODUSAT CTP7R-2R-TL5/1A,Produse Finite,product,,1,0,Unit,Unit,,EHPRFI00030,TVA colectat 19% Bunuri,TVA deductibil 19% Bunuri,CTP7R-2R-TL5/1A,
EVINOX MODUSAT CTP7R-7R-TL5/1A,Produse Finite,product,,1,0,Unit,Unit,,EHPRFI00031,TVA colectat 19% Bunuri,TVA deductibil 19% Bunuri,CTP7R-7R-TL5/1A,
EVINOX MODUSAT FS-200C-2T-N/84,Produse Finite,product,,1,0,Unit,Unit,,EHPRFI00032,TVA colectat 19% Bunuri,TVA deductibil 19% Bunuri,FS-200C-2T-N/84,
EVINOX MODUSAT HIU PUCTP3R-1R-TL7/1A,Produse Finite,product,,1,0,Unit,Unit,,EHPRFI00033,TVA colectat 19% Bunuri,TVA deductibil 19% Bunuri,HIU_PUCTP3R-1R-TL7/1A,
EVINOX MODUSAT HIU PUCTP7R-1R-TL7/A,Produse Finite,product,,1,0,Unit,Unit,,EHPRFI00034,TVA colectat 19% Bunuri,TVA deductibil 19% Bunuri,HIU_PUCTP7R-1R-TL7/A,
EVINOX MODUSAT MSP3R-TL1/1A,Produse Finite,product,,1,0,Unit,Unit,,EHPRFI00035,TVA colectat 19% Bunuri,TVA deductibil 19% Bunuri,MSP3R-TL1/1A,
EVINOX MODUSAT MSP7R2-TL1/1A,Produse Finite,product,,1,0,Unit,Unit,,EHPRFI00036,TVA colectat 19% Bunuri,TVA deductibil 19% Bunuri,MSP7R2-TL1/1A,
EVINOX MODUSAT MSP7R-TL1/1A,Produse Finite,product,,1,0,Unit,Unit,,EHPRFI00037,TVA colectat 19% Bunuri,TVA deductibil 19% Bunuri,MSP7R-TL1/1A,
EVINOX MODUSAT SPC1-040R-T1/12,Produse Finite,product,,1,0,Unit,Unit,,EHPRFI00038,TVA colectat 19% Bunuri,TVA deductibil 19% Bunuri,SPC1-040R-T1/12,
EVINOX MODUSAT SPC2-030B-T1/12,Produse Finite,product,,1,0,Unit,Unit,,EHPRFI00039,TVA colectat 19% Bunuri,TVA deductibil 19% Bunuri,SPC2-030B-T1/12,
EVINOX MODUSAT SPC2-040B-T1/12,Produse Finite,product,,1,0,Unit,Unit,,EHPRFI00040,TVA colectat 19% Bunuri,TVA deductibil 19% Bunuri,SPC2-040B-T1/12,
EVINOX MODUSAT SPC2-050B-T1/12,Produse Finite,product,,1,0,Unit,Unit,,EHPRFI00041,TVA colectat 19% Bunuri,TVA deductibil 19% Bunuri,SPC2-050B-T1/12,
EVINOX MODUSAT SPC2-070R-T1/12,Produse Finite,product,,1,0,Unit,Unit,,EHPRFI00042,TVA colectat 19% Bunuri,TVA deductibil 19% Bunuri,SPC2-070R-T1/12,
EVINOX MODUSAT SPC3-050B-T1/12,Produse Finite,product,,1,0,Unit,Unit,,EHPRFI00043,TVA colectat 19% Bunuri,TVA deductibil 19% Bunuri,SPC3-050B-T1/12,
EVINOX MODUSAT SPC3-060B-T1/13,Produse Finite,product,,1,0,Unit,Unit,,EHPRFI00044,TVA colectat 19% Bunuri,TVA deductibil 19% Bunuri,SPC3-060B-T1/13,
EVINOX MODUSAT SPC3-070B-T1/13,Produse Finite,product,,1,0,Unit,Unit,,EHPRFI00045,TVA colectat 19% Bunuri,TVA deductibil 19% Bunuri,SPC3-070B-T1/13,
EVINOX MODUSAT SPH1-050R-T1/12,Produse Finite,product,,1,0,Unit,Unit,,EHPRFI00046,TVA colectat 19% Bunuri,TVA deductibil 19% Bunuri,SPH1-050R-T1/12,
EVINOX MODUSAT SPH1-4R-T1/12,Produse Finite,product,,1,0,Unit,Unit,,EHPRFI00047,TVA colectat 19% Bunuri,TVA deductibil 19% Bunuri,SPH1-4R-T1/12,
EVINOX MODUSAT SPH2-030B-T1,Produse Finite,product,,1,0,Unit,Unit,,EHPRFI00048,TVA colectat 19% Bunuri,TVA deductibil 19% Bunuri,SPH2-030B-T1,
EVINOX MODUSAT SPH3-060B-T1/12,Produse Finite,product,,1,0,Unit,Unit,,EHPRFI00049,TVA colectat 19% Bunuri,TVA deductibil 19% Bunuri,SPH3-060B-T1/12,
EVINOX MODUSAT SPH3-070B-T1/12,Produse Finite,product,,1,0,Unit,Unit,,EHPRFI00050,TVA colectat 19% Bunuri,TVA deductibil 19% Bunuri,SPH3-070B-T1/12,
EVINOX MODUSAT W3R-1A-4R1-T5/PX,Produse Finite,product,,1,0,Unit,Unit,,EHPRFI00051,TVA colectat 19% Bunuri,TVA deductibil 19% Bunuri,W3R-1A-4R1-T5/PX,
EVINOX MODUSAT W3R-1R-4R1/1A,Produse Finite,product,,1,0,Unit,Unit,,EHPRFI00052,TVA colectat 19% Bunuri,TVA deductibil 19% Bunuri,W3R-1R-4R1/1A,
EVINOX MODUSAT W3R-2R-4B2/1A,Produse Finite,product,,1,0,Unit,Unit,,EHPRFI00053,TVA colectat 19% Bunuri,TVA deductibil 19% Bunuri,W3R-2R-4B2/1A,
EVINOX MODUSAT W3R-2R-6R1/1A,Produse Finite,product,,1,0,Unit,Unit,,EHPRFI00054,TVA colectat 19% Bunuri,TVA deductibil 19% Bunuri,W3R-2R-6R1/1A,
EVINOX MODUSAT W3R-2R-7R2/1A,Produse Finite,product,,1,0,Unit,Unit,,EHPRFI00055,TVA colectat 19% Bunuri,TVA deductibil 19% Bunuri,W3R-2R-7R2/1A,
EVINOX MODUSAT W3R-xx-3B2/1A,Produse Finite,product,,1,0,Unit,Unit,,EHPRFI00056,TVA colectat 19% Bunuri,TVA deductibil 19% Bunuri,W3R-xx-3B2/1A,
EVINOX MODUSAT W4R-1A-020R1/GC,Produse Finite,product,,1,0,Unit,Unit,,EHPRFI00057,TVA colectat 19% Bunuri,TVA deductibil 19% Bunuri,W4R-1A-020R1/GC,
EVINOX MODUSAT W4R-xx-4B2/1A,Produse Finite,product,,1,0,Unit,Unit,,EHPRFI00058,TVA colectat 19% Bunuri,TVA deductibil 19% Bunuri,W4R-xx-4B2/1A,
EVINOX MODUSAT W7R-1A-050R1/GC,Produse Finite,product,,1,0,Unit,Unit,,EHPRFI00059,TVA colectat 19% Bunuri,TVA deductibil 19% Bunuri,W7R-1A-050R1/GC,
EVINOX MODUSAT W7R-1A-4R1-T5/PX,Produse Finite,product,,1,0,Unit,Unit,,EHPRFI00060,TVA colectat 19% Bunuri,TVA deductibil 19% Bunuri,W7R-1A-4R1-T5/PX,
EVINOX MODUSAT W7R-1A-6R1-T5/PX,Produse Finite,product,,1,0,Unit,Unit,,EHPRFI00061,TVA colectat 19% Bunuri,TVA deductibil 19% Bunuri,W7R-1A-6R1-T5/PX,
EVINOX MODUSAT W7R-1A-7R1-T5/PX,Produse Finite,product,,1,0,Unit,Unit,,EHPRFI00062,TVA colectat 19% Bunuri,TVA deductibil 19% Bunuri,W7R-1A-7R1-T5/PX,
EVINOX MODUSAT W7R2-1A-7R-T5/PX,Produse Finite,product,,1,0,Unit,Unit,,EHPRFI00063,TVA colectat 19% Bunuri,TVA deductibil 19% Bunuri,W7R2-1A-7R-T5/PX,
EVINOX MODUSAT W7R2-2A-4B2/1A,Produse Finite,product,,1,0,Unit,Unit,,EHPRFI00064,TVA colectat 19% Bunuri,TVA deductibil 19% Bunuri,W7R2-2A-4B2/1A,
EVINOX MODUSAT W7R2-2A-5B3/1A,Produse Finite,product,,1,0,Unit,Unit,,EHPRFI00065,TVA colectat 19% Bunuri,TVA deductibil 19% Bunuri,W7R2-2A-5B3/1A,
EVINOX MODUSAT W7R2-2R-4B2/1A,Produse Finite,product,,1,0,Unit,Unit,,EHPRFI00066,TVA colectat 19% Bunuri,TVA deductibil 19% Bunuri,W7R2-2R-4B2/1A,
EVINOX MODUSAT W7R2-2R-7R/1A,Produse Finite,product,,1,0,Unit,Unit,,EHPRFI00067,TVA colectat 19% Bunuri,TVA deductibil 19% Bunuri,W7R2-2R-7R/1A,
EVINOX MODUSAT W7R2-3R-5B2/1A,Produse Finite,product,,1,0,Unit,Unit,,EHPRFI00068,TVA colectat 19% Bunuri,TVA deductibil 19% Bunuri,W7R2-3R-5B2/1A,
EVINOX MODUSAT W7R2-4R-4B2/1A,Produse Finite,product,,1,0,Unit,Unit,,EHPRFI00069,TVA colectat 19% Bunuri,TVA deductibil 19% Bunuri,W7R2-4R-4B2/1A,
EVINOX MODUSAT W7R2-4R-7B3/1A,Produse Finite,product,,1,0,Unit,Unit,,EHPRFI00070,TVA colectat 19% Bunuri,TVA deductibil 19% Bunuri,W7R2-4R-7B3/1A,
EVINOX MODUSAT W7R2-7R-4B2/1A,Produse Finite,product,,1,0,Unit,Unit,,EHPRFI00071,TVA colectat 19% Bunuri,TVA deductibil 19% Bunuri,W7R2-7R-4B2/1A,
EVINOX MODUSAT W7R2-7R-7B3/1A,Produse Finite,product,,1,0,Unit,Unit,,EHPRFI00072,TVA colectat 19% Bunuri,TVA deductibil 19% Bunuri,W7R2-7R-7B3/1A,
EVINOX MODUSAT W7R-2R-4B2/1A,Produse Finite,product,,1,0,Unit,Unit,,EHPRFI00073,TVA colectat 19% Bunuri,TVA deductibil 19% Bunuri,W7R-2R-4B2/1A,
EVINOX MODUSAT W7R-2R-6R1/1A,Produse Finite,product,,1,0,Unit,Unit,,EHPRFI00074,TVA colectat 19% Bunuri,TVA deductibil 19% Bunuri,W7R-2R-6R1/1A,
EVINOX MODUSAT W7R-2R-7R2/1A,Produse Finite,product,,1,0,Unit,Unit,,EHPRFI00075,TVA colectat 19% Bunuri,TVA deductibil 19% Bunuri,W7R-2R-7R2/1A,
EVINOX MODUSAT W7R2-xx-5B3/1A,Produse Finite,product,,1,0,Unit,Unit,,EHPRFI00076,TVA colectat 19% Bunuri,TVA deductibil 19% Bunuri,W7R2-xx-5B3/1A,
EVINOX MODUSAT W7R-xx-5B3/1A,Produse Finite,product,,1,0,Unit,Unit,,EHPRFI00077,TVA colectat 19% Bunuri,TVA deductibil 19% Bunuri,W7R-xx-5B3/1A,
EVINOX MODUSAT SPC1-030R-T1/12,Produse Finite,product,,1,0,Unit,Unit,,EHPRFI00078,TVA colectat 19% Bunuri,TVA deductibil 19% Bunuri,SPC1-030R-T1/12,
EVINOX MODUSAT SPC3-070B-T1/12,Produse Finite,product,,1,0,Unit,Unit,,EHPRFI00079,TVA colectat 19% Bunuri,TVA deductibil 19% Bunuri,SPC3-070B-T1/12,
EVINOX MODUSAT SPC3-070B-T1/13,Produse Finite,product,,1,0,Unit,Unit,,EHPRFI00080,TVA colectat 19% Bunuri,TVA deductibil 19% Bunuri,SPC3-070B-T1/13,
EVINOX MODUSAT SPH2-4B-T1/12,Produse Finite,product,,1,0,Unit,Unit,,EHPRFI00081,TVA colectat 19% Bunuri,TVA deductibil 19% Bunuri,SPH2-4B-T1/12,
EVINOX MODUSAT SPH2-7R-T1/12,Produse Finite,product,,1,0,Unit,Unit,,EHPRFI00082,TVA colectat 19% Bunuri,TVA deductibil 19% Bunuri,SPH2-7R-T1/12,
AMBALAJ CUTIE CENTRALA 412x487,Ambalaje,product,,0,1,Unit,Unit,,EHAMBJ00001,TVA colectat 19% Bunuri,TVA deductibil 19% Bunuri,E_00514,Lipsa Cod Furnizor
AMBALAJ CUTIE CENTRALA 610-44 490x355x900 (2015 TP-TL1 30/30=468x335x821),Ambalaje,product,,0,1,Unit,Unit,,EHAMBJ00002,TVA colectat 19% Bunuri,TVA deductibil 19% Bunuri,E_00408,
AMBALAJ CUTIE CENTRALA 610-54 370X370X550,Ambalaje,product,,0,1,Unit,Unit,,EHAMBJ00003,TVA colectat 19% Bunuri,TVA deductibil 19% Bunuri,E_00618,
AMBALAJ CUTIE CENTRALA MODEL 2018 1 Cutie FEFCO 0201 modul termic 487x335x725 carton tip V/N,Ambalaje,product,,0,1,Unit,Unit,,EHAMBJ00004,TVA colectat 19% Bunuri,TVA deductibil 19% Bunuri,E_00654,
AMBALAJ CUTIE CHHC 8 (490x620x1390) CHHC- W7R2-4R-5B3,Ambalaje,product,,0,1,Unit,Unit,,EHAMBJ00005,TVA colectat 19% Bunuri,TVA deductibil 19% Bunuri,E_00785,
AMBALAJ CUTIE FEFCO200 CHHC-070R2 (1230(h)x525x465),Ambalaje,product,,0,1,Unit,Unit,,EHAMBJ00007,TVA colectat 19% Bunuri,TVA deductibil 19% Bunuri,E_00735,Lipsa Cod Furnizor
AMBALAJ CUTIE FEFCO200 CHHC1 (1245x570x465) CHHC-W7R-1A-4R1-T5/PX,Ambalaje,product,,0,1,Unit,Unit,,EHAMBJ00008,TVA colectat 19% Bunuri,TVA deductibil 19% Bunuri,E_00753,
AMBALAJ SET (MANSON+CAPAC) FS80L/20 (585x570x1380 MANSON),Ambalaje,product,,0,1,Unit,Unit,,EHAMBJ00009,TVA colectat 19% Bunuri,TVA deductibil 19% Bunuri,E_01204,
AMBALAJ SET CUTIE CENTRALA (CTP7L-4A-TL1 MIX),Ambalaje,product,,0,1,Unit,Unit,,EHAMBJ00010,TVA colectat 19% Bunuri,TVA deductibil 19% Bunuri,E_00737,Lipsa Dimensiuni & Cod Furnizor
AMBALAJ SET CUTIE CENTRALA 520x375x900 610-47 (MTP4E-3R-TL1),Ambalaje,product,,0,1,Unit,Unit,,EHAMBJ00011,TVA colectat 19% Bunuri,TVA deductibil 19% Bunuri,E_31246,
AMBALAJ SET CUTIE CENTRALA FS150L/20 610-09,Ambalaje,product,,0,1,Unit,Unit,,EHAMBJ00012,TVA colectat 19% Bunuri,TVA deductibil 19% Bunuri,E_01203,
AMBALAJ-CAPAC CENTRALA 2015 TP-TL (Polietilena),Ambalaje,product,,0,1,Unit,Unit,,EHAMBJ00013,TVA colectat 19% Bunuri,TVA deductibil 19% Bunuri,E_00463,
C.L. PLATFORMA 1800x800xh144,Ambalaje,product,,0,1,Unit,Unit,,EHAMBJ00014,TVA colectat 19% Bunuri,TVA deductibil 19% Bunuri,e_200188,
CORNIER CARTON 45x 45x 4x 2000,Ambalaje,product,,0,1,Unit,Unit,,EHAMBJ00021,TVA colectat 19% Bunuri,TVA deductibil 19% Bunuri,E_00074,
PALET 1000x1000 E,Ambalaje,product,,0,1,Unit,Unit,,EHAMBJ00022,TVA colectat 19% Bunuri,TVA deductibil 19% Bunuri,E_00134,
PALET 1200x1200,Ambalaje,product,,0,1,Unit,Unit,,EHAMBJ00024,TVA colectat 19% Bunuri,TVA deductibil 19% Bunuri,E_00073,
PALET FS150L/20 600x 600 E,Ambalaje,product,,0,1,Unit,Unit,,EHAMBJ00028,TVA colectat 19% Bunuri,TVA deductibil 19% Bunuri,E_01205,
PROFIL L 75X75 SP 10 (Pentru 4 Coltare),Ambalaje,product,,0,1,Unit,Unit,,EHAMBJ00033,TVA colectat 19% Bunuri,TVA deductibil 19% Bunuri,E_00459,
TERMOMETRU 3G,Obiecte De Inventar,product,,0,1,Unit,Unit,,EHOBIC00001,TVA colectat 19% Bunuri,TVA deductibil 19% Bunuri,OBI00001,
